title,city,town,type,address,tel,url,count_approved,pre_public,is_free5,is_after,penalty,has_slip
臺南市中西區成功國民小學附設幼兒園,臺南市,中西區,公立,[700]成功路235號,(06)2294395#12,https://class.tn.edu.tw/modules/tad_web/index.php?WebID=7173,90,無,(110),無,無,yes
臺南市中西區協進國民小學附設幼兒園,臺南市,中西區,公立,[700]金華路四段17號,(06)2202173,http://120.115.16.5:8080/chinese2008/,270,無,(110),無,無,yes
臺南市中西區進學國民小學附設幼兒園,臺南市,中西區,公立,[700]南寧街47號,(06)2130643,http://chpskg.tw.class.uschoolnet.com/,90,無,(110),無,無,yes
臺南市立第一幼兒園,臺南市,中西區,公立,[700]南門路26之1號,(06)2135779,https://class.tn.edu.tw/5651,136,無,(110),無,無,yes
臺南市中西區忠義國民小學附設幼兒園,臺南市,中西區,公立,[700]忠義路二段2號,(06)2222768#802,http://www.cies.tn.edu.tw/,90,無,(110),無,無,yes
國立臺南大學附設實驗國民小學附設幼兒園,臺南市,中西區,公立,[700]樹林街二段31號,(06)2132566#600,http://www.tntcps.tn.edu.tw/,120,無,(110),無,無,yes
臺南市立中山國民中學附設幼兒園,臺南市,中西區,公立,[700]南寧街45號,(06)2134792,https://sites.google.com/a/csjhs.tn.edu.tw/kindergarten/,30,無,(110),無,無,yes
國立臺南大學附屬啟聰學校幼兒部,臺南市,中西區,公立,[700]北門路一段109號,(06)2222936,,0,無,無,無,無,yes
臺南市私立佳恩幼兒園,臺南市,中西區,私立,[700]金城街25號,(06)2952628,http://spc.tn.edu.tw/k090/,150,110-112,(110),無,無,yes
臺南市私立興文齋幼兒園,臺南市,中西區,私立,[700]民權路二段152號,(06)2200600,http://spc.tn.edu.tw/k007,60,無,(110),無,無,yes
臺南市私立小牛頓幼兒園,臺南市,中西區,私立,[700]開山路122巷56弄3號,(06)2235765,http://hipage.hinet.net/小牛頓,60,110-112,(110),有,有,yes
臺南市私立武聖幼兒園,臺南市,中西區,私立,[700]武聖路151巷49弄5號,(06)2593083,wu-sheng.52school.com.tw,105,110-112,(110),無,有,yes
臺南市私立寶寶幼兒園,臺南市,中西區,私立,[700]南寧街12號,(06)2133177,,40,110-112,(110),無,無,yes
臺南市私立知多幼兒園,臺南市,中西區,私立,[700]大埔街73號,(06)2148988,http://abc-school.com.tw,80,無,(110),無,無,yes
社團法人台南市基督教青年會附設臺南市私立青年會幼兒園,臺南市,中西區,私立,[700]民生路二段200號,(06)2267756,www.ymca-tainan.org.tw/sccc/,129,無,(110),無,無,yes
臺南市私立愛迪生資優幼兒園,臺南市,中西區,私立,[700]頂美二街48巷16號,(06)3584200,http://edison-tainan.topschool.com.tw,200,110-112,(110),無,有,yes
臺南市私立新大華幼兒園,臺南市,中西區,私立,[700]府緯街72巷2號、4號,(06)2145176,,42,110-112,(110),無,無,yes
臺南市私立哈佛蒙特梭利幼兒園,臺南市,中西區,私立,[700]樹林街二段340號,(06)2137188,httpl//www.harvking.com.tw,80,無,(110),無,無,yes
臺南市私立哈佛蒙特梭利幼兒園小小分班,臺南市,中西區,私立,[700]樹林街二段205號之1,(06)2137188,,45,無,(110),無,無,yes
財團法人中華基督教衛理公會附設臺南市私立衛理幼兒園,臺南市,中西區,私立,[700]健康路一段368號,(06)2141722#11,https://www.wesley-kids.com/,360,110-112,(110),無,無,yes
國立臺南生活美學館職場互助教保服務中心(委託財團法人彭婉如文教基金會辦理),臺南市,中西區,私立,[700]中華西路2段34號2樓,(06)2981016,,60,無,無,無,無,yes
臺南市東區大同國民小學附設幼兒園,臺南市,東區,公立,[701]榮譽街30號,(06)2157589#861,http://spc.tn.edu.tw/k100,60,無,(110),無,無,yes
臺南市東區東光國民小學附設幼兒園,臺南市,東區,公立,[701]東光路一段39號,(06)2376534#722,http://www.tkes.tn.edu.tw,150,無,(110),無,無,yes
臺南市東區崇明國民小學附設幼兒園,臺南市,東區,公立,[701]崇明路698號,(06)2673330#1001,http://spc.tn.edu.tw/k012/,60,無,(110),無,無,yes
臺南市東區博愛國民小學附設幼兒園,臺南市,東區,公立,[701]前鋒路100號,(06)2361723,spc.tn.edu.tw/k011,90,無,(110),無,無,yes
臺南市東區崇學國民小學附設幼兒園,臺南市,東區,公立,[701]崇學路98號,(06)2689951#123,spc.tn.edu.tw/k013,60,無,(110),無,無,yes
臺南市東區復興國民小學附設幼兒園,臺南市,東區,公立,[701]裕文路60號,(06)3319168,http://www.fhes.tn.edu.tw/,120,無,(110),無,無,yes
臺南市東區德高國民小學附設幼兒園,臺南市,東區,公立,[701]崇善路1155號,(06)2681891#108,,30,無,(110),無,無,yes
臺南市東區勝利國民小學附設幼兒園,臺南市,東區,公立,[701]勝利路10號,(06)2081861,,60,無,(110),無,無,yes
臺南市立忠孝國民中學附設幼兒園,臺南市,東區,公立,[701]崇善路151號,(06)2670495#134,http://www.chjh.tn.edu.tw/,30,無,(110),無,無,yes
臺南市立小康幼兒園小東分班,臺南市,東區,公立,[701]小東路198巷24弄52號,(06)2389931,,30,無,(110),無,無,yes
臺南市私立耶魯幼兒園,臺南市,東區,私立,[701]中華東路二段185巷14號,(06)2699630,spc.tn.edu.tw/k026/,120,無,(110),無,無,yes
臺南市私立維尼寶貝幼兒園,臺南市,東區,私立,[701]東安路251巷53號,(06)2355860,https://www.facebook.com/winnybabypreschool,42,無,(110),無,無,yes
臺南市私立童話世界幼兒園,臺南市,東區,私立,[701]崇德廿二街65號,(06)2603477,https://www.facebook.com/臺南市私立童話世界幼兒園-1492201104415796/,132,110-112,(110),有,無,yes
臺南市私立智慧園幼兒園,臺南市,東區,私立,[701]崇德四街37號,(06)2603922,http://blog.yam.com/kidpapa,80,無,(110),無,無,yes
臺南市私立德光幼兒園,臺南市,東區,私立,[701]崇德路196號,(06)2691995,spc.tn.edu.tw/k020,240,無,(110),無,無,yes
臺南市私立傑尼爾至善幼兒園,臺南市,東區,私立,[701]崇明十二街19號,(06)2897540,spc.tn.edu.tw/k073,300,110-112,(110),無,無,yes
臺南市私立輔大幼兒園,臺南市,東區,私立,[701]崇明十五街16號,(06)2894186,fuda.topschool.com.tw,150,無,(110),無,有,yes
臺南市私立元喬幼兒園,臺南市,東區,私立,[701]裕興街201號,(06)3318677,,99,無,(110),無,無,yes
威爾森文教事業股份有限公司附設臺南市私立威爾森人文藝術幼兒園,臺南市,東區,私立,[701]崇德十六街17號,(06)3357718,,350,無,(110),無,有,yes
臺南市私立慈心幼兒園,臺南市,東區,私立,[701]榮譽街27號,(06)2156779,,30,110-112,(110),有,無,yes
臺南市私立牧群幼兒園,臺南市,東區,私立,[701]裕和路36號,(06)3310700,http://www.cheer100.com.tw,240,無,(110),無,無,yes
財團法人台灣省台南市崇德聖堂附設臺南市私立崇德幼兒園,臺南市,東區,私立,[701]崇德二十三街69號,(06)2609843,,220,110-112,(110),無,無,yes
臺南市私立小太陽幼兒園,臺南市,東區,私立,[701]林森路一段153巷58號,(06)2360869,http://littlesun.topschool.com.tw,124,無,(110),有,有,yes
臺南市私立瑩青幼兒園,臺南市,東區,私立,[701]崇善十三街57號,(06)2605374,b2605374@yahoo.com.tw,165,無,(110),有,無,yes
社團法人台南市基督教青年會附設臺南市私立長榮幼兒園,臺南市,東區,私立,[701]林森路二段79號,(06)2082517,,180,無,(110),無,無,yes
臺南市私立人上人幼兒園,臺南市,東區,私立,[701]長榮路二段32巷8號,(06)2082888,,120,無,(110),無,有,yes
臺南市私立樂貝兒幼兒園,臺南市,東區,私立,[701]東寧路518號,(06)2742111,http://www.abc-school.com.tw,180,無,(110),無,無,yes
臺南市私立長女幼兒園,臺南市,東區,私立,[701]長榮路二段135號,(06)2355656,http://girl.topschool.com.tw/,135,無,(110),無,無,yes
臺南市私立愛兒堡幼兒園,臺南市,東區,私立,[701]裕農路446巷90弄16號,(06)2388006,,40,110-112,(110),無,無,yes
臺南市私立傑尼爾富農幼兒園,臺南市,東區,私立,[701]富農街二段33號,(06)2906768,http://funung.topschool.com.tw/,150,110-112,(110),有,無,yes
臺南市私立文林幼兒園,臺南市,東區,私立,[701]光明街82號,(06)2378378,winlin.topschool.com.tw,270,110-112,(110),無,無,yes
財團法人福智文教基金會附設臺南市私立妙慧幼兒園,臺南市,東區,私立,[701]崇德一街96、98號,(06)2682860,,40,110-112,(110),無,無,yes
臺南市私立長欣幼兒園,臺南市,東區,私立,[701]裕平路89號,(06)3313448,http//:spc.tn.edu.tw/k106,150,無,(110),無,無,yes
臺南市私立新世代人文藝術幼兒園,臺南市,東區,私立,[701]東興路236號,(06)2370639,http://tw.myblog.yahoo.com/generation86-generation86,100,110-112,(110),無,無,yes
臺南市私立德妮勁寶兒幼兒園,臺南市,東區,私立,[701]中華東路三段44巷41號,(06)2686821,www.derni.com.tw,90,110-112,(110),無,無,yes
財團法人台灣聖公會附設臺南市私立聖公會幼兒園,臺南市,東區,私立,[701]崇德路550巷24號,(06)2683771,http：//shenggonghui.topshool.com.tw,120,無,(110),無,無,yes
臺南市私立仁和幼兒園,臺南市,東區,私立,[701]崇學路230巷52號,(06)2684079,臺南市東區崇學路230巷52號,360,110-112,(110),無,無,yes
臺南市私立怡東幼兒園,臺南市,東區,私立,[701]怡東路32號,(06)2348203,http://www.edong.com.tw/edong/,100,無,(110),無,無,yes
臺南市私立新園幼兒園,臺南市,東區,私立,[701]勝利路52巷80號,(06)2746000,nj1997.org,90,無,(110),無,無,yes
臺南市私立愛麗兒幼兒園,臺南市,東區,私立,[701]裕農路469號,(06)2006156,無,20,110-112,(110),無,無,yes
臺南市私立後甲幼兒園,臺南市,東區,私立,[701]裕農路668巷47號,(06)2692204,,91,無,(110),無,有,yes
臺南市私立劍聲幼兒園,臺南市,東區,私立,[701]榮譽街102號,(06)2691439,http://www.jskid.com.tw,45,無,(110),無,有,yes
臺南市私立育寶幼兒園,臺南市,東區,私立,[701]崇明十三街5號、7號,(06)2884882,,31,無,(110),無,無,yes
臺南市私立威斯康辛幼兒園,臺南市,東區,私立,[701]崇善路356號,(06)2896616,http://www.wisc.com.tw,130,110-112,(110),無,無,yes
臺南市私立新生幼兒園,臺南市,東區,私立,[701]榮譽街192號,(06)2678254,,60,無,(110),無,無,yes
財團法人台南市私立母佑會社會福利慈善基金會附設臺南市私立母佑幼兒園,臺南市,東區,私立,[701]裕農路798號,(06)3310830,http://spc.tn.edu.tw/k018,300,無,(110),無,無,yes
臺南市私立新樓幼兒園,臺南市,東區,私立,[701]青年路360號,(06)2383884,www.sin-lau360.com.tw,240,無,(110),無,無,yes
臺南市私立維多利亞人文藝術幼兒園,臺南市,東區,私立,[701]崇明路268號,(06)2900807,http://vic.woby.com.tw,110,110-112,(110),有,有,yes
臺南光華學校財團法人臺南市光華高級中學附屬臺南市私立光華幼兒園,臺南市,東區,私立,[701]勝利路41號,(06)2342647,http://spc.tn.edu.tw/k019,210,無,(110),無,有,yes
臺南市私立荷本幼兒園,臺南市,東區,私立,[701]裕平路122號,(06)3316367,,24,無,(110),無,無,yes
臺南市私立威爾森德高幼兒園,臺南市,東區,私立,[701]永東街58號,(06)2905460,wilsonschool024@gmail.com,338,110-112,(110),無,無,yes
臺南市私立才子幼兒園,臺南市,東區,私立,[701]文化二街68號,(06)2680144,,150,無,(110),無,無,yes
臺南市私立日光小河馬幼兒園,臺南市,東區,私立,[701]東興路63號,(06)2080282,,180,無,(110),無,有,yes
臺南市私立劍聲國際幼兒園,臺南市,東區,私立,[701]榮譽街95號1樓,(06)2908872,Jsten1041118@yahoo.com.tw,45,無,(110),無,無,yes
臺南市私立伊凡卡幼兒園,臺南市,東區,私立,[701]崇明16街11號及13號,(06)2687999,台南市東區崇明16街11號及13號,167,110-112,(110),無,無,yes
國立成功大學員工子女非營利幼兒園(委託財團法人國立成功大學文教基金會辦理),臺南市,東區,非營利,[701]林森路2段251號,(06)2757575#36030,http://spc.tn.edu.tw/k024,182,無,(110),無,無,yes
臺南市立第二幼兒園,臺南市,南區,公立,[702]新孝路87號,(06)2657334,https://sites.google.com/site/tainansecond/,120,無,(110),無,無,yes
臺南市立第二幼兒園明德分班,臺南市,南區,公立,[702]大成路一段55號,(06)2657344,,60,無,(110),無,無,yes
臺南市南區日新國民小學附設幼兒園,臺南市,南區,公立,[702]金華路一段473號,(06)2916798,http://tmrskids.blogspot.tw/,60,無,(110),無,無,yes
臺南市南區永華國民小學附設幼兒園,臺南市,南區,公立,[702]中華西路一段2巷17號,(06)2647003,,60,無,(110),無,無,yes
臺南市南區省躬國民小學附設幼兒園,臺南市,南區,公立,[702]灣裡路70號,(06)2622460#100,http://163.26.18.2/modules/tad_web/index.php?WebID=62,30,無,(110),無,無,yes
臺南市南區龍崗國民小學附設幼兒園,臺南市,南區,公立,[702]鯤鯓路147號,(06)2629690,spc.tn.edu.tw/K030,45,無,(110),無,無,yes
臺南市南區喜樹國民小學附設幼兒園,臺南市,南區,公立,[702]喜樹路133號,(06)2622462,,60,無,(110),無,無,yes
臺南市南區新興國民小學附設幼兒園,臺南市,南區,公立,[702]新興路22號,(06)2617452,http://www.sses.tn.edu.tw/,30,無,(110),無,無,yes
臺南市立第三幼兒園灣裡分班,臺南市,南區,公立,[702]灣裡路263巷41號,(06)2625564,,60,無,(110),無,無,yes
臺南市私立新迪斯奈幼兒園,臺南市,南區,私立,[702]金華路一段116巷1號,(06)2911055,,90,110-112,(110),無,無,yes
臺南市私立心馨園幼兒園,臺南市,南區,私立,[702]明興路733號,(06)2624602,,40,無,(110),無,無,yes
臺南市私立米爾頓幼兒園,臺南市,南區,私立,[702]灣裡路582號,(06)2964955,spc.tn.edu.tw/k043,150,110-112,(110),無,有,yes
臺南市私立金銀島幼兒園,臺南市,南區,私立,[702]西門路一段471巷26號,(06)2215678,http://spc.tn.edu.tw/k112,60,無,(110),無,無,yes
臺南市私立喜樹歸園幼兒園,臺南市,南區,私立,[702]明興路746號,(06)2620988,WWW.kueiuan.woby.com.tw,60,無,(110),無,無,yes
臺南市私立新育光幼兒園,臺南市,南區,私立,[702]福吉五街33號,(06)2229381,,110,110-112,(110),無,有,yes
臺南市私立甜甜幼兒園,臺南市,南區,私立,[702]灣裡路88巷260號,(06)2623195,spc.tn.edu.tw/k039,240,無,(110),無,無,yes
臺南市私立金蘋果幼兒園,臺南市,南區,私立,[702]金華路一段352巷14號,(06)2633168,,80,110-112,(110),無,無,yes
臺南市私立艾的佳幼兒園,臺南市,南區,私立,[702]三官路211號,(06)2655333,,400,無,(110),無,有,yes
臺南市私立幼芽幼兒園,臺南市,南區,私立,[702]金華路一段66號,(06)2913217,yoya.topschool.com.tw/,120,110-112,(110),無,有,yes
臺南市私立大成幼兒園,臺南市,南區,私立,[702]大成路二段177巷67號,(06)2611671,http://dacheng.topschool.com.tw/,38,110-112,(110),無,無,yes
臺南市私立紅蘋果幼兒園,臺南市,南區,私立,[702]永成路三段399號,(06)2918796,無,120,110-112,(110),無,有,yes
臺南市私立聖兒幼兒園,臺南市,南區,私立,[702]灣裡路491號、493號、495號,(06)2622090,http://shenger.woby.com.tw,200,無,(110),無,無,yes
臺南市私立博學幼兒園,臺南市,南區,私立,[702]夏林路393號,(06)2614527,,56,110-112,(110),無,有,yes
臺南市私立快樂幼兒園,臺南市,南區,私立,[702]賢南街9號,(06)2637941,http://happy-kid.topschool.com.tw/,300,110-112,(110),無,無,yes
臺南市私立長春藤幼兒園,臺南市,南區,私立,[702]新興路289、289之2號,(06)2648377,,110,無,(110),有,無,yes
臺南市私立勝利幼兒園,臺南市,南區,私立,[702]永成路二段811號,(06)2620231,,184,110-112,(110),無,有,yes
臺南市私立欣惠群幼兒園,臺南市,南區,私立,[702]國民路67號,(06)2677722,hcbaby67@yahoo.com.tw,115,110-112,(110),無,無,yes
臺南市私立寶貝德蘭幼兒園,臺南市,南區,私立,[702]金華路一段352巷130弄6號,(06)2617842,http://spc.tn.edu.tw/k036/,60,110-112,(110),無,有,yes
臺南市私立欣苗幼兒園,臺南市,南區,私立,[702]大同路二段136巷5弄1號,(06)2145625,,30,110-112,(110),無,無,yes
臺南市私立卡羅幼兒園,臺南市,南區,私立,[702]萬年七街316號,(06)2965218,,318,無,(110),無,無,yes
臺南市擇仁非營利幼兒園(委託財團法人福智文教基金會辦理),臺南市,南區,非營利,[702]南門路232號,(06)7030435,,60,無,(110),無,無,yes
臺南市水交社非營利幼兒園(委託台南市教保產業工會辦理),臺南市,南區,非營利,[702]西門路一段306號,(06)2642161,,120,無,(110),無,無,yes
臺南市立小康幼兒園,臺南市,北區,公立,[704]大武街502巷1號,(06)2815947,,60,無,(110),無,無,yes
臺南市立小康幼兒園文元分班,臺南市,北區,公立,[704]和緯路3段370號,(06)2596027,,30,無,(110),無,無,yes
臺南市北區大港國民小學附設幼兒園,臺南市,北區,公立,[704]大港街146號,(06)2505489,https://class.tn.edu.tw/modules/tad_web/index.php?WebID=10023,180,無,(110),無,無,yes
臺南市北區公園國民小學附設幼兒園,臺南市,北區,公立,[704]公園路180號,(06)2223291#780,https://sites.google.com/a/gyes.tn.edu.tw/gong-yuan-fu-you/home,150,無,(110),無,無,yes
臺南市北區文元國民小學附設幼兒園,臺南市,北區,公立,[704]海安路三段815號,(06)3586942#808,http://163.26.76.7/kid/,30,無,(110),無,無,yes
臺南市北區開元國民小學附設幼兒園,臺南市,北區,公立,[704]開元路71巷32號,(06)2375509#801,http://spc.tn.edu.tw/k050/,120,無,(110),無,無,yes
臺南市北區立人國民小學附設幼兒園,臺南市,北區,公立,[704]西門路三段41號,(06)2286683,https://child.lines.tn.edu.tw/,150,無,(110),無,無,yes
臺南市北區大光國民小學附設幼兒園,臺南市,北區,公立,[704]長榮路五段277號,(06)2518465#122,,120,無,(110),無,無,yes
臺南市北區賢北國民小學附設幼兒園,臺南市,北區,公立,[704]大興街599號,(06)3501433#700,https://sites.google.com/site/213k05/,30,無,(110),無,無,yes
臺南市私立寶貝家庭幼兒園,臺南市,北區,私立,[704]南園街127巷50號,(06)2385666,,49,無,(110),無,有,yes
臺南市私立柏欣幼兒園,臺南市,北區,私立,[704]文賢路242巷41號,(06)3584023,http://winsin.topschool.com.tw/,330,110-112,(110),無,無,yes
財團法人眼淨和尚然妙和尚文教基金會附設臺南市私立正覺幼兒園,臺南市,北區,私立,[704]正覺街120號,(06)2517032,,210,無,(110),無,有,yes
臺南市私立天資幼兒園,臺南市,北區,私立,[704]文賢一路185號,(06)2500136,,285,110-112,(110),無,無,yes
臺南市私立群力幼兒園,臺南市,北區,私立,[704]公園路1092巷16號,(06)2521602,,76,110-112,(110),無,無,yes
臺南市私立皇佳幼兒園,臺南市,北區,私立,[704]文成路761號,(06)2591111,http://www.huang-chia2591111.com.tw/,330,無,(110),無,有,yes
臺南市私立開元幼兒園,臺南市,北區,私立,[704]北園街89號,(06)2376804,http://kaiyuan.topschool.com.tw,150,110-112,(110),無,無,yes
臺南市私立寶仁幼兒園,臺南市,北區,私立,[704]開南街211巷2號,(06)2369311,https://pao-jen.topschool.tw/Home/Main,600,無,(110),無,無,yes
臺南市私立而勇幼兒園,臺南市,北區,私立,[704]文賢路365巷56號,(06)3504923,http://www.genikid.com.tw/erhyung,210,110-112,(110),無,有,yes
臺南市私立愛普樂斯幼兒園,臺南市,北區,私立,[704]海安路三段833、835、837、839號,(06)3504488,,272,無,(110),無,無,yes
臺南市私立奧斯汀國際幼兒園,臺南市,北區,私立,[704]大興街585巷1號,(06)2586641,,100,無,(110),有,有,yes
臺南市私立葛瑞特幼兒園,臺南市,北區,私立,[704]大興街212巷12號、192巷11號,(06)3505618,,80,110-112,(110),無,無,yes
臺南市私立東松幼兒園,臺南市,北區,私立,[704]林森路三段193號,(06)2743016,http://www.wretch.cc/blog/aw2755770,30,110-112,(110),無,無,yes
臺南市私立方圓幼兒園,臺南市,北區,私立,[704]文賢二街457、461號,(06)3589888,http://kidcastle.topschool.com.tw/,159,無,(110),無,無,yes
臺南市私立安得誼幼兒園,臺南市,北區,私立,[704]文成五路23號、27號、29號,(06)2522000,,242,無,(110),無,無,yes
臺南市私立育多幼兒園,臺南市,北區,私立,[704]中華北路一段400號、402號,(06)2590067,,33,無,(110),有,無,yes
社團法人台南市基督教青年會附設臺南市私立公園幼兒園,臺南市,北區,私立,[704]公園路591之31號,(06)2824000#51,http://www.ymca-tainan.org.tw/Park_C/,80,無,(110),無,無,yes
臺南市私立向日葵幼兒園,臺南市,北區,私立,[704]武聖路6號,(06)3582623,http://sunflower-kids.topschool.com.tw/,175,無,(110),無,有,yes
臺南市私立沛愛幼兒園,臺南市,北區,私立,[704]中華北路二段194巷20號,(06)2829147,,60,無,(110),無,無,yes
臺南市私立康德爾幼兒園,臺南市,北區,私立,[704]成功路252號,(06)2235155,,36,110-112,(110),無,無,yes
臺南市私立愛麗絲幼兒園,臺南市,北區,私立,[704]育德一街81號,(06)2814483,,120,無,(110),有,無,yes
臺南市私立德妮湖美幼兒園,臺南市,北區,私立,[704]中華北路一段53巷56號,(06)2597796,www.derni.com.tw,167,110-112,(110),無,無,yes
臺南市私立快樂讀經幼兒園,臺南市,北區,私立,[704]北門路三段27巷11號1樓,(06)2522045,,90,110-112,(110),無,無,yes
崑山國際學校財團法人臺南市崑山高級中等學校附設臺南市私立國際幼兒園,臺南市,北區,私立,[704]開元路444號,(06)2383888,台南市北區開元路444號,305,110-112,(110),無,無,yes
臺南市安平區新南國民小學附設幼兒園,臺南市,安平區,公立,[708]怡平路6號,(06)2973058,spc.tn.edu.tw/k046,120,無,(110),無,無,yes
臺南市立第三幼兒園,臺南市,安平區,公立,[708]安北路42號,(06)2287047,https://sites.google.com/site/tainanshilidisanyoueryuan/,60,無,(110),無,無,yes
臺南市立第三幼兒園伍德分班,臺南市,安平區,公立,[708]運河路13巷9號,(06)2287429,,30,無,(110),無,無,yes
臺南市安平區石門國民小學附設幼兒園,臺南市,安平區,公立,[708]安平路700號,(06)2292498,www.smes.tn.edu.tw/,30,無,(110),無,無,yes
臺南市安平區安平國民小學附設幼兒園,臺南市,安平區,公立,[708]怡平路392號,(06)2996735#899,,120,無,(110),無,無,yes
臺南市安平區億載國民小學附設幼兒園,臺南市,安平區,公立,[708]郡平路310號,(06)2932371#713,http://www.yzes.tn.edu.tw/,60,無,(110),無,無,yes
臺南市私立愛貝文幼兒園,臺南市,安平區,私立,[708]慶平路162、160-3號,(06)2996601,www.love-baby.com.tw,110,無,(110),無,無,yes
臺南市私立立家幼兒園,臺南市,安平區,私立,[708]永華路二段1061號,(06)2979450,,45,無,(110),無,有,yes
臺南市私立魔荳幼兒園,臺南市,安平區,私立,[708]民權路四段315號,(06)2507906,magicbean.topschool.com.tw,170,無,(110),無,有,yes
臺南市私立柏林幼兒園,臺南市,安平區,私立,[708]民權路四段71號,(06)2506177,,210,無,(110),無,無,yes
臺南市私立格林幼兒園,臺南市,安平區,私立,[708]永華路二段480號,(06)2983639,,90,無,(110),無,無,yes
臺南市私立艾蒙利幼兒園,臺南市,安平區,私立,[708]建平七街1號,(06)2978618,,100,無,(110),無,無,yes
臺南市私立傑仕堡幼兒園,臺南市,安平區,私立,[708]安平路442號,(06)2411098,,80,110-112,(110),無,無,yes
臺南市私立聖德幼兒園,臺南市,安平區,私立,[708]安平路850巷2號,(06)2232760,,90,無,(110),無,無,yes
臺南市私立金城幼兒園,臺南市,安平區,私立,[708]育平九街374號,(06)2970055,,150,110-112,(110),無,無,yes
臺南市私立優仕堡幼兒園,臺南市,安平區,私立,[708]建平三街65巷26.28號,(06)2935027,http://www.genikid.com.tw/usc/,240,無,(110),有,無,yes
臺南市私立秀光幼兒園,臺南市,安平區,私立,[708]安平路500巷2號,(06)2288061,http://show-guang.topschool.com.tw,210,無,(110),無,有,yes
臺南市私立喜兒坊幼兒園,臺南市,安平區,私立,[708]健康路三段750號,(06)2957000,http://www.sharefun.com.tw,150,無,(110),無,無,yes
臺南市私立喬登幼兒園,臺南市,安平區,私立,[708]育平四街26號,(06)2996633,http://tw.myblog.yahoo.com/jls_708,45,110-112,(110),無,無,yes
臺南市私立德妮培安幼兒園,臺南市,安平區,私立,[708]怡平路390號,(06)2990559,www.derni.com.tw,139,110-112,(110),無,有,yes
臺南市私立荃心幼兒園,臺南市,安平區,私立,[708]安北路16巷16號,(06)2226334,,28,無,(110),無,有,yes
臺南市私立福瑞斯特國際藝術幼兒園,臺南市,安平區,私立,[708]府平路144巷58號,(06)2988292,,438,無,(110),無,無,yes
慈濟學校財團法人臺南市私立慈濟高級中學附設臺南市私立慈中幼兒園,臺南市,安平區,私立,[708]文平路95號,(06)2959230,,180,無,(110),無,無,yes
臺南市政府員工子女非營利幼兒園(委託財團法人台南市基督教青年會社會福利慈善事業基金會辦理),臺南市,安平區,非營利,[708]府前路二段311號,(06)2999391,http://www.ymca-tainan.org.tw/nursery/modelchild/index.php,265,無,(110),無,無,yes
臺南市立第四幼兒園,臺南市,安南區,公立,[709]長溪路3段247號,(06)2471265,,60,無,(110),無,無,yes
臺南市立第四幼兒園安順分班,臺南市,安南區,公立,[709]總安街1,(06)3563074,,60,無,(110),無,無,yes
臺南市立第四幼兒園州南分班,臺南市,安南區,公立,[709]安和路4段537巷48號,(06)3552744,,30,無,(110),無,無,yes
臺南市立第四幼兒園大同分班,臺南市,安南區,公立,[709]安昌街106巷24號,(06)3561190,,46,無,(110),無,無,yes
臺南市立第四幼兒園安慶分班,臺南市,安南區,公立,[709]長溪路1段168巷133號,(06)2463140,,30,無,(110),無,無,yes
臺南市立第四幼兒園頂安分班,臺南市,安南區,公立,[709]怡安路1段385巷40號,(06)2463104,,60,無,(110),無,無,yes
臺南市立第四幼兒園總頭分班,臺南市,安南區,公立,[709]長溪路2段570巷81弄14號,(06)2463045,,30,無,(110),無,無,yes
臺南市立第四幼兒園原佃分班,臺南市,安南區,公立,[709]本原街一段167巷36弄46號,(06)2550407,,30,無,(110),無,無,yes
臺南市立第五幼兒園,臺南市,安南區,公立,[709]海佃路2段509巷65號,(06)2464192,http://www.tncg.gov.tw/age_section.asp?nsub=BEB400,90,無,(110),無,無,yes
臺南市立第五幼兒園十二佃分班,臺南市,安南區,公立,[709]公學路四段325號,(06)2471233,http://www.tncg.gov.tw/age_section.asp?nsub=BEB400,30,無,(110),無,無,yes
臺南市立第五幼兒園淵西分班,臺南市,安南區,公立,[709]安中路4段318號,(06)2463075,http://www.tncg.gov.tw/age_section.asp?nsub=BEB400,30,無,(110),無,無,yes
臺南市立第六幼兒園,臺南市,安南區,公立,[709]安中路6段519巷31號,(06)2572510,http://www.tncg.gov.tw/office_01.asp?page=1&sub1=04&sub2=1E&sub3=B7,46,無,(110),無,無,yes
臺南市立第六幼兒園城南分班,臺南市,安南區,公立,[709]城西街1段181巷3號,(06)2572569,,30,無,(110),無,無,yes
臺南市立第六幼兒園砂崙分班,臺南市,安南區,公立,[709]城北路871巷94弄17號,(06)2571094,,30,無,(110),無,無,yes
臺南市立第六幼兒園顯宮分班,臺南市,安南區,公立,[709]媽祖宮五街10號,(06)2840227,http://www.tncg.gov.tw/office_01.asp?page=1&sub1=04&sub2=1E&sub3=B7,30,無,(110),無,無,yes
臺南市安南區土城國民小學附設幼兒園,臺南市,安南區,公立,[709]城北路195號,(06)2577645#880,http://163.26.56.135/dyna/menu/index.php?account=ching,30,無,(110),無,無,yes
臺南市安南區安佃國民小學附設幼兒園,臺南市,安南區,公立,[709]海佃路四段493號,(06)2567642#301,http://css000000184628.tw.class.uschoolnet.com/,30,無,(110),無,無,yes
臺南市安南區安順國民小學附設幼兒園,臺南市,安南區,公立,[709]安和路三段193號,(06)3559451#891,http://spc.tn.edu.tw/k076/begin.htm,120,無,(110),無,無,yes
臺南市安南區安慶國民小學附設幼兒園,臺南市,安南區,公立,[709]安中路一段703巷80號,(06)2460334#1732,spc.tn.edu.tw/k075,90,無,(110),無,無,yes
臺南市安南區長安國民小學附設幼兒園,臺南市,安南區,公立,[709]長溪路3段249號,(06)2462688,163.26.55.7/~linjj/,30,無,(110),無,無,yes
臺南市安南區鎮海國民小學附設幼兒園,臺南市,安南區,公立,[709]大眾路381號,(06)2841700#701,spc.tn.edu.tw/k080,45,無,(110),無,無,yes
臺南市安南區顯宮國民小學附設幼兒園,臺南市,安南區,公立,[709]顯宮二街1號,(06)2841723#701,http://kids.skes.tn.edu.tw/,30,無,(110),無,無,yes
臺南市安南區學東國民小學附設幼兒園,臺南市,安南區,公立,[709]公學路六段589號,(06)2870017#27,http://120.115.20.23/~htk116/,30,無,(110),無,無,yes
臺南市安南區海東國民小學附設幼兒園,臺南市,安南區,公立,[709]安中路三段381號,(06)2557531#10,http://120.115.20.8/garden,120,無,(110),無,無,yes
臺南市安南區和順國民小學附設幼兒園,臺南市,安南區,公立,[709]安和路五段178巷5號,(06)3554629#181,hskid.uclass.com.tw,120,無,(110),無,無,yes
臺南市安南區青草國民小學附設幼兒園,臺南市,安南區,公立,[709]青砂街二段105巷32號,(06)2577631#830,,30,無,(110),無,無,yes
臺南市立海佃國民中學附設幼兒園,臺南市,安南區,公立,[709]安富街166號,(06)3507486#201,http://ww2.hdjh.tn.edu.tw/joomla/,30,無,(110),無,無,yes
臺南市安南區南興國民小學附設幼兒園,臺南市,安南區,公立,[709]公學路五段627號,(06)2873204#102,http://www.nses.tn.edu.tw/,30,無,(110),無,無,yes
國立臺南特殊教育學校幼兒部,臺南市,安南區,公立,[709]長河路二段74號,(06)355451,,0,無,無,無,無,yes
臺南市立九份子國民中小學附設幼兒園,臺南市,安南區,公立,[709]九份子大道8號,(06)3507779,,60,無,無,無,無,yes
臺南市私立安琪兒幼兒園,臺南市,安南區,私立,[709]海佃路二段321號,(06)2562054,spc.tn.edu.tw/k006,210,110-112,(110),無,有,yes
臺南市私立巧可碩幼兒園,臺南市,安南區,私立,[709]海中街169巷66號,(06)2551073,caremasters.ho.net.tw,41,110-112,(110),無,有,yes
臺南市私立娘親幼兒園,臺南市,安南區,私立,[709]安中路4段240巷11號,(06)2479998,,100,110-112,(110),無,無,yes
臺南市私立才碩幼兒園,臺南市,安南區,私立,[709]城安西街27號,(06)2575777,,30,110-112,(110),無,無,yes
臺南市私立聖恩幼兒園,臺南市,安南區,私立,[709]安昌街322巷2弄1號,(06)3557817,,60,110-112,(110),無,無,yes
臺南市私立上華幼兒園,臺南市,安南區,私立,[709]頂安街377巷1號,(06)2465274,//spc.tn.edu.tw/k087/,270,無,(110),無,無,yes
臺南市私立樂耕幼兒園,臺南市,安南區,私立,[709]郡安路六段55巷140號,(06)2506230,,39,110-112,(110),無,無,yes
臺南市私立朝日幼兒園,臺南市,安南區,私立,[709]樂安二街62號,(06)2568889,http://www.asahi-asayo.com.tw/,61,無,(110),無,無,yes
臺南市私立華德幼兒園,臺南市,安南區,私立,[709]北安路三段10號,(06)2464846,,282,無,(110),無,有,yes
臺南市私立南光幼兒園,臺南市,安南區,私立,[709]大安街252號,(06)2450000,,120,無,(110),無,無,yes
臺南市私立達文西幼兒園,臺南市,安南區,私立,[709]怡安路一段384巷123號,(06)2558254,http://davinci.topschool.com.tw/,203,無,(110),無,無,yes
臺南市私立芝蔴階幼兒園,臺南市,安南區,私立,[709]同安路345號,(06)2454850,www.abc-school.com.tw,120,無,(110),無,有,yes
臺南市私立佑佳幼兒園,臺南市,安南區,私立,[709]府安路五段223巷57-1號,(06)2501714,,70,110-112,(110),無,無,yes
臺南市私立和順幼兒園,臺南市,安南區,私立,[709]安和路五段81巷16號,(06)3556873,http://hoshun.topschool.com.tw/,110,110-112,(110),無,有,yes
臺南市私立安琪幼兒園,臺南市,安南區,私立,[709]長溪路三段436巷3號,(06)2464642,,56,無,(110),無,無,yes
臺南市私立朝陽幼兒園,臺南市,安南區,私立,[709]海中街300號,(06)2462818,http://www.asahi-asayo.com.tw/,140,無,(110),無,有,yes
臺南市私立光暉幼兒園,臺南市,安南區,私立,[709]海佃路一段95巷1號,(06)2591243,http://kh2591243.topschool.com.tw/,140,無,(110),有,無,yes
臺南市私立安南幼兒園,臺南市,安南區,私立,[709]安中路三段400巷11、13號,(06)2567154,spc@tn.edu.tw/k082,180,110-112,(110),無,無,yes
臺南市私立安南幼兒園安南分班,臺南市,安南區,私立,[709]安中路三段400巷15號,(06)2567154,台南市安南區安中路三段400巷15號,30,110-112,(110),無,無,yes
臺南市私立安南幼兒園安中分班,臺南市,安南區,私立,[709]安中路三段400巷5號,(06)2567154,,60,110-112,(110),無,無,yes
臺南市私立康橋幼兒園,臺南市,安南區,私立,[709]海佃路二段631號(1樓)、637號(1-3樓)、海環街715巷58號(1樓),(06)2457457,http://tainan-cambridge.topschool.com.tw,285,110-112,(110),無,無,yes
臺南市私立至德幼兒園,臺南市,安南區,私立,[709]同安路70號,(06)2563348,http://wond.topschool.com.tw/,90,110-112,(110),無,有,yes
臺南市私立意文幼兒園,臺南市,安南區,私立,[709]安和路六段20巷1號,(06)3554337,,98,110-112,(110),無,有,yes
臺南市私立仁仁森林幼兒園,臺南市,安南區,私立,[709]怡安路二段516巷186、188號,(06)2553161,,292,無,(110),有,無,yes
臺南市私立佛光山慈航幼兒園,臺南市,安南區,私立,[709]安和路四段538巷77號,(06)3560577,,200,無,(110),無,無,yes
臺南市私立愛因斯坦資優幼兒園,臺南市,安南區,私立,[709]安吉路一段142號,(06)2555565,,260,無,(110),無,有,yes
臺南市私立愛上學幼兒園,臺南市,安南區,私立,[709]安西路298號,(06)2567630,,286,110-112,(110),無,有,yes
臺南市私立小孔明創客幼兒園,臺南市,安南區,私立,[709]智安四街96號,(06)2460030,,196,110-112,(110),無,無,yes
臺南市私立新光暉幼兒園,臺南市,安南區,私立,[709]生態街589、591、593號,(06)3585191,,300,無,(110),無,無,yes
臺南市私立台南保進國際藝術幼兒園,臺南市,安南區,私立,[709]安昌街174巷79弄47號,(06)3571092,,231,110-112,(110),無,有,yes
臺南市私立大舜科技幼兒園,臺南市,安南區,私立,[709]工業二路152號,(06)3842501,,98,無,(110),無,無,yes
臺南市私立萊德幼兒園,臺南市,安南區,私立,[709]郡安路6段227號,(06)3589667,,330,110-112,(110),無,無,yes
臺南市私立台江幼兒園,臺南市,安南區,私立,[709]安中路四段560號,(06)2473897,,315,110-112,無,無,無,yes
臺南市崑山土城非營利幼兒園(委託財團法人崑山科技大學設立之崑山科技大學辦理),臺南市,安南區,非營利,[709]城安路21號,(06)2571278,https://reurl.cc/e8WaeR,106,無,(110),無,無,yes
臺南市永康區大灣國民小學附設幼兒園,臺南市,永康區,公立,[710]大灣路283號,(06)2719024,https://sites.google.com/site/dawandids/home,90,無,(110),無,無,yes
臺南市永康區西勢國民小學附設幼兒園,臺南市,永康區,公立,[710]富強路一段278號,(06)2712841#202,https://sites.google.com/site/sishihsun201/,30,無,(110),無,無,yes
臺南市永康區復興國民小學附設幼兒園,臺南市,永康區,公立,[710]華興街2號,(06)3130574,http://163.26.177.1/index.htm,120,無,(110),無,無,yes
臺南市永康區大橋國民小學附設幼兒園,臺南市,永康區,公立,[710]大橋三街173號,(06)2033001#716,http://it01.dc2es.tnc.edu.tw/kids/,60,無,(110),無,無,yes
臺南市永康區崑山國民小學附設幼兒園,臺南市,永康區,公立,[710]國光五街72號,(06)2717949,http://www.ks1es.tnc.edu.tw/,120,無,(110),無,無,yes
臺南市永康區五王國民小學附設幼兒園,臺南市,永康區,公立,[710]中華二路150號,(06)2336842#701,http://wwes.tnc.edu.tw/,60,無,(110),無,無,yes
臺南市永康區三村國民小學附設幼兒園,臺南市,永康區,公立,[710]鹽行路2號,(06)2531850#100,http://tw.class.urlifelinks.com/class/?csid=css000000109532,60,無,(110),無,無,yes
臺南市永康區龍潭國民小學附設幼兒園,臺南市,永康區,公立,[710]龍潭街214號,(06)2032014,,120,無,(110),無,無,yes
臺南市永康區永康國民小學附設幼兒園,臺南市,永康區,公立,[710]中山南路637號,(06)2324462#710,http://ykes.tnc.edu.tw,180,無,(110),無,無,yes
臺南市永康區勝利國民小學附設幼兒園,臺南市,永康區,公立,[710]勝學路111號,(06)3130011#851,,60,無,(110),無,無,yes
臺南市永康區永信國民小學附設幼兒園,臺南市,永康區,公立,[710]復華七街166號,(06)2320783#901,http://120.116.40.1/xoops/,30,無,(110),無,無,yes
臺南市私立輔仁幼兒園,臺南市,永康區,私立,[710]大灣一街341號,(06)2714086,www.furen.woby.com.tw,228,110-112,(110),無,無,yes
臺南市私立永康文心幼兒園,臺南市,永康區,私立,[710]永華路191號,(06)2711994,,130,110-112,(110),有,無,yes
臺南市私立新生代幼兒園,臺南市,永康區,私立,[710]中華二路215巷15號,(06)3128797,,99,110-112,(110),有,無,yes
私立崑山科技大學附設臺南市幼兒園,臺南市,永康區,私立,[710]崑大路195號,(06)2727175#319,www.ksut.edu.tw/admin/KIDS/,90,無,(110),無,無,yes
臺南市私立嬌生幼兒園,臺南市,永康區,私立,[710]大橋二街85號,(06)2044578,,60,無,(110),無,有,yes
臺南市私立愛兒幼兒園,臺南市,永康區,私立,[710]龍國街387號,(06)2321308,,120,無,(110),無,無,yes
臺南市私立永康幼兒園,臺南市,永康區,私立,[710]永大路二段1220號,(06)2011565,,210,無,(110),無,無,yes
臺南市私立威爾森幼兒園,臺南市,永康區,私立,[710]五福街71號,(06)2013223,,270,無,無,無,有,no
臺南市私立至真幼兒園,臺南市,永康區,私立,[710]復國二路270號,(06)2015093,台南市永康區復國二路270號,240,110-112,(110),無,無,yes
臺南市私立永強繪本藝術幼兒園,臺南市,永康區,私立,[710]大灣路942巷371弄38號,(06)2723287,,200,無,(110),無,無,yes
臺南市私立幼華幼兒園,臺南市,永康區,私立,[710]中山路94巷7號,(06)2322576,,108,無,(110),無,無,yes
臺南市私立艾迪斯幼兒園,臺南市,永康區,私立,[710]鹽洲一街27號,(06)2530325,台南縣永康市鹽洲一街27號,146,110-112,(110),無,無,yes
臺南市私立育智幼兒園,臺南市,永康區,私立,[710]大灣路1102巷17弄119號,(06)2732286,http://yujuh.topschool.com.tw/,250,無,(110),有,有,yes
臺南市私立永康芝蔴街幼兒園,臺南市,永康區,私立,[710]復國一路90巷41號,(06)3129904,www.abc-school.com.tw,150,無,(110),無,有,yes
臺南市私立愛佳幼兒園,臺南市,永康區,私立,[710]永大一路366號,(06)2323341,www.ai-chia.com.tw,150,無,(110),無,有,yes
臺南市私立二王幼兒園,臺南市,永康區,私立,[710]永二街393巷2號,(06)2310007,,70,無,(110),無,有,yes
臺南市私立吉得堡幼兒園,臺南市,永康區,私立,[710]富強路一段185巷14號,(06)2718404,,60,無,(110),無,無,yes
臺南市私立侑之苑幼兒園,臺南市,永康區,私立,[710]文化路82號,(06)2019165,http://tw.myblog.yahoo.com/06-2019165,170,無,(110),無,無,yes
臺南市私立萊恩幼兒園,臺南市,永康區,私立,[710]振興路93號,(06)2326894,laien.topschool.com.tw,165,110-112,(110),無,無,yes
臺南市私立敦煌幼兒園,臺南市,永康區,私立,[710]中山東路350巷1號,(06)3133266,,190,110-112,(110),無,有,yes
臺南市私立德安幼兒園,臺南市,永康區,私立,[710]中山路94巷5號,(06)2013597,,150,無,(110),無,無,yes
臺南市私立童園幼兒園,臺南市,永康區,私立,[710]永大路二段365號,(06)2731561,http://www.tungyung.woby.tw,120,110-112,(110),無,無,yes
臺南市私立第一堡幼兒園,臺南市,永康區,私立,[710]華興街7號,(06)3115441,bowjinn.5441@yahoo.com.tw,120,110-112,(110),無,有,yes
臺南市私立凱迪斯幼兒園,臺南市,永康區,私立,[710]中正路260號,(06)2037917,,120,110-112,(110),無,無,yes
臺南市私立何嘉仁幼兒園,臺南市,永康區,私立,[710]中山南路119巷8號,(06)2019393,http://www.hess.com.tw,180,無,(110),無,有,yes
臺南市私立星堡幼兒園,臺南市,永康區,私立,[710]中山東路239號,(06)3038535,http://3038535.woby.com.tw,109,無,(110),無,無,yes
臺南市私立中華幼兒園,臺南市,永康區,私立,[710]成功路35號,(06)3026529,,90,無,(110),無,無,yes
臺南市私立傑登幼兒園,臺南市,永康區,私立,[710]復國一路278號,(06)3115651,http//jackdon.topschool.com.tw,216,110-112,(110),無,有,yes
臺南市私立非凡幼兒園,臺南市,永康區,私立,[710]正強街63巷26號、正強里14鄰正強街89號,(06)2315935,http://feifan.topschool.com.tw/,285,110-112,(110),有,無,yes
南臺學校財團法人南臺科技大學附設臺南市私立南臺幼兒園,臺南市,永康區,私立,[710]南台街1號,(06)2533131#6506,http://kid.stust.edu.tw/,90,無,(110),無,無,yes
臺南市私立傑尼爾幼兒園,臺南市,永康區,私立,[710]復國一路197號,(06)3127438,,195,110-112,(110),無,無,yes
臺南市私立優學幼兒園,臺南市,永康區,私立,[710]大灣路537巷10號,(06)2733524,http://www.ettoday.com/yoyo/ETY118,210,110-112,(110),有,無,yes
臺南市私立天才幼兒園,臺南市,永康區,私立,[710]中華路602號,(06)2329501,www.talentschool.com.tw,180,無,(110),無,有,yes
臺南市私立上恩幼兒園,臺南市,永康區,私立,[710]大灣路40巷76號,(06)2057007,http://grace-academy.topschool.com.tw/,150,無,(110),無,無,yes
臺南市私立史塔納幼兒園,臺南市,永康區,私立,[710]仁愛街46-1、46-2號,(06)2539394,,40,無,(110),無,無,yes
臺南市私立白天鵝幼兒園,臺南市,永康區,私立,[710]大橋一街73巷109號,(06)2310906,swana.edu@msa.hinet.net,162,無,(110),無,無,yes
臺南市私立愛森堡幼兒園,臺南市,永康區,私立,[710]復華七街150號,(06)2015085,,303,110-112,(110),無,有,yes
臺南市私立愛幼幼兒園,臺南市,永康區,私立,[710]大仁街188巷1號,(06)2729123,,234,無,(110),無,無,yes
私立台南家專學校財團法人台南應用科技大學附設臺南市漢家幼兒園,臺南市,永康區,私立,[710]中正路529號,(06)2534293,kid.twcat.edu.tw,240,無,(110),無,有,yes
臺南市私立聖心幼兒園,臺南市,永康區,私立,[710]信義街102號,(06)2710096,,90,無,(110),無,無,yes
臺南市私立幼幼世界幼兒園,臺南市,永康區,私立,[710]永華路32巷23號,(06)2737977,,35,110-112,(110),無,無,yes
臺南市私立智全幼兒園,臺南市,永康區,私立,[710]永正路130號、中正路1巷76號,(06)2322762,http://chih-chuan.topschool.com.tw/,125,110-112,(110),無,有,yes
臺南市私立英格堡幼兒園,臺南市,永康區,私立,[710]龍埔街291巷27號,(06)2029077,,140,無,(110),無,有,yes
臺南市私立派樂特幼兒園,臺南市,永康區,私立,[710]中華西街196巷66號,(06)3037788,http://pilot.topschool.com.tw/,162,110-112,(110),無,有,yes
臺南市私立慈恩幼兒園,臺南市,永康區,私立,[710]中華西街122巷49號,(06)3012918,http://kindness.topschool.com.tw,104,無,(110),無,無,yes
臺南市私立互動幼兒園,臺南市,永康區,私立,[710]中山東路282號,(06)3020572,www.giraffetw.com,30,無,(110),無,無,yes
臺南市私立郡豐幼兒園,臺南市,永康區,私立,[710]東橋二街8號1-3樓,(06)3026518,,270,無,(110),無,無,yes
臺南市私立威爾森東橋幼兒園,臺南市,永康區,私立,[710]東橋一路128號、東橋二街19號,(06)3026105,,360,無,(110),無,無,yes
臺南市私立英格爾幼兒園,臺南市,永康區,私立,[710]龍埔街291巷25號,(06)2029017,,79,無,(110),無,有,yes
臺南市私立巴洛可蒙特梭利幼兒園,臺南市,永康區,私立,[710]國民路231巷3號,(06)06-2013600,,79,無,(110),無,無,yes
臺南市永仁非營利幼兒園,臺南市,永康區,非營利,[710]興國街181號,(06)3122552,,152,無,(110),無,無,yes
臺南市立歸仁幼兒園,臺南市,歸仁區,公立,[711]信義南路98號,(06)3308278,,90,無,(110),無,無,yes
臺南市歸仁區歸仁國民小學附設幼兒園,臺南市,歸仁區,公立,[711]文化街一段100號,(06)3304761,http://gr2es.tnc.edu.tw,60,無,(110),無,無,yes
臺南市歸仁區保西國民小學附設幼兒園,臺南市,歸仁區,公立,[711]中正北路三段60號,(06)2309683,www.bsps.tn.edu.tw,60,無,(110),無,無,yes
臺南市歸仁區歸南國民小學附設幼兒園,臺南市,歸仁區,公立,[711]民權南路171號,(06)2304930#733,http://www.gnes.tnc.edu.tw/xoop/,60,無,(110),無,無,yes
臺南市歸仁區文化國民小學附設幼兒園,臺南市,歸仁區,公立,[711]文化街二段136號,(06)3301666#120,http://www.whes.tn.edu.tw/,30,無,(110),無,無,yes
臺南市歸仁區大潭國民小學附設幼兒園,臺南市,歸仁區,公立,[711]中正南路3段97號,(06)2781953,,30,無,(110),無,無,yes
臺南市私立吉尼斯幼兒園,臺南市,歸仁區,私立,[711]民權八街43號,(06)3300708,,263,無,(110),無,無,yes
臺南市私立歸園幼兒園,臺南市,歸仁區,私立,[711]文化街二段55號,(06)2305739,http://gueiruan.woby.com.tw/,390,無,(110),有,無,yes
臺南市私立至美幼兒園,臺南市,歸仁區,私立,[711]民權南路191巷45號,(06)3308558,http://sl.,90,110-112,(110),無,無,yes
臺南市私立佳音幼兒園,臺南市,歸仁區,私立,[711]大廟一街149號,(06)2712990,,30,無,(110),無,無,yes
臺南市私立中美幼兒園,臺南市,歸仁區,私立,[711]大順街120號,(06)3307731,//www.cmkids.woby.tw/,232,110-112,(110),有,無,yes
臺南市私立育仁幼兒園,臺南市,歸仁區,私立,[711]民權南路116、118、116之1號,(06)2390433,http://yuhrenkg.woby.com.tw/,271,無,(110),無,無,yes
臺南市私立媬能幼兒園,臺南市,歸仁區,私立,[711]公園路157巷60號,(06)3309199,,40,110-112,(110),無,無,yes
臺南市私立至善幼兒園,臺南市,歸仁區,私立,[711]民生北街130號,(06)2304455,,420,無,(110),無,無,yes
臺南市私立仁愛幼兒園,臺南市,歸仁區,私立,[711]成功三街255號,(06)3303222,http://tw.myblog.yahoo.com/top-kids,90,無,(110),無,無,yes
臺南市私立巨光幼兒園,臺南市,歸仁區,私立,[711]文化北街162號,(06)2303489,,160,無,(110),有,無,yes
臺南市私立新才華幼兒園,臺南市,歸仁區,私立,[711]中正南路一段588號,(06)3305672,,221,110-112,(110),有,有,yes
臺南市新化區大新國民小學附設幼兒園,臺南市,新化區,公立,[712]太平街176號,(06)5982953#713,,120,無,(110),無,無,yes
臺南市新化區那拔國民小學附設幼兒園,臺南市,新化區,公立,[712]54號,(06)5911591#12,,76,無,(110),無,無,yes
臺南市新化區正新國民小學附設幼兒園,臺南市,新化區,公立,[712]正新路97號,(06)5973113#202,,90,無,(110),無,無,yes
臺南市新化區新化國民小學附設幼兒園,臺南市,新化區,公立,[712]中山路173號,(06)5902035,,60,無,(110),無,無,yes
臺南市私立銘幼幼兒園,臺南市,新化區,私立,[712]中正路562號,(06)5985216,http://mingyo.topschool.com.tw,170,110-112,(110),無,有,yes
臺南市私立萌芽希望種籽幼兒園,臺南市,新化區,私立,[712]復興路240號、242號,(06)5907850,,75,110-112,(110),無,無,yes
臺南市私立育善幼兒園,臺南市,新化區,私立,[712]正新北路19號、21號、29號,(06)5985428,eisa.topshcool.com.tw,210,110-112,(110),有,無,yes
臺南市私立美士堡幼兒園,臺南市,新化區,私立,[712]復興路187巷9號,(06)5802099,http://mspo.topschool.com.tw/,588,無,(110),有,無,yes
臺南市私立聖名幼兒園,臺南市,新化區,私立,[712]中山路532號,(06)5982235,,90,無,(110),無,無,yes
臺南市私立吉姆幼兒園,臺南市,新化區,私立,[712]中興路755-1號,(06)5903913,,105,110-112,(110),有,無,yes
臺南市私立新化維妮幼兒園,臺南市,新化區,私立,[712]和平街85號,(06)5905676,,75,110-112,(110),無,無,yes
臺南市左鎮區左鎮國民小學附設幼兒園,臺南市,左鎮區,公立,[713]7號,(06)5731019#14,,30,無,(110),無,無,yes
臺南市左鎮區光榮國民小學附設幼兒園,臺南市,左鎮區,公立,[713]61之1號,(06)5731658#207,,30,無,(110),無,無,yes
臺南市玉井區玉井國民小學附設幼兒園,臺南市,玉井區,公立,[714]中正路1號,(06)5742047#201,http://dns.yj1es.tnc.edu.tw/xoops/,60,無,(110),無,無,yes
臺南市玉井區層林國民小學附設幼兒園,臺南市,玉井區,公立,[714]115號,(06)5745379#120,,30,無,(110),無,無,yes
臺南市私立貝兒幼兒園,臺南市,玉井區,私立,[714]中華路232號,(06)5741287,,100,110-112,(110),有,無,yes
臺南市私立玉沙幼兒園,臺南市,玉井區,私立,[714]3-3號,(06)5747534,,145,110-112,(110),無,無,yes
臺南市私立德蕾幼兒園,臺南市,玉井區,私立,[714]民生路432號,(06)5747195,http://www.catholic.org.tw/st.teresa/c.htm,90,無,(110),無,無,yes
臺南市楠西區楠西國民小學附設幼兒園,臺南市,楠西區,公立,[715]四維路69號,(06)5751062#17,163.26.136.129,60,無,(110),無,無,yes
臺南市私立佳安幼兒園,臺南市,楠西區,私立,[715]信義路57巷40號,(06)5751626,,120,110-112,(110),有,無,yes
臺南市私立吉兒堡幼兒園,臺南市,楠西區,私立,[715]民族路135號,(06)5752297,,48,110-112,(110),無,有,yes
臺南市南化區南化國民小學附設幼兒園,臺南市,南化區,公立,[716]17號,(06)5771118#207,163.26.111.1,30,無,(110),無,無,yes
臺南市南化區北寮國民小學附設幼兒園,臺南市,南化區,公立,[716]110之27號,(06)5772215,http://www.bles.tn.edu.tw,30,無,(110),無,無,yes
臺南市南化區瑞峰國民小學附設幼兒園,臺南市,南化區,公立,[716]96號,(06)5770093#172,,15,無,(110),無,無,yes
臺南市南化區玉山國民小學附設幼兒園,臺南市,南化區,公立,[716]48之1號,(06)5772072,http://www.ysps.tn.edu.tw,30,無,(110),無,無,yes
臺南市南化區西埔國民小學附設幼兒園,臺南市,南化區,公立,[716]117號,(06)5771240#207,,30,無,(110),無,無,yes
臺南市私立寶貝熊幼兒園,臺南市,南化區,私立,[716]南化47-6號,(06)5771630,http://yangchiawen0923@yahoo.com.tw,35,無,(110),有,無,yes
臺南市立仁德幼兒園,臺南市,仁德區,公立,[717]民安路2段436號,(06)2796114,https://www.facebook.com/RendePreschool,406,無,(110),無,無,yes
臺南市仁德區仁和國民小學附設幼兒園,臺南市,仁德區,公立,[717]108號,(06)3365465,http://www.rhes.tnc.edu.tw/,30,無,(110),無,無,yes
臺南市仁德區大甲國民小學附設幼兒園,臺南市,仁德區,公立,[717]中正西路360巷20弄42號,(06)2662492#201,http://www.dj1es.tnc.edu.tw,30,無,(110),無,無,yes
臺南市仁德區依仁國民小學附設幼兒園,臺南市,仁德區,公立,[717]港墘3號,(06)2662108#701,http://www.yres.tn.edu.tw,30,無,(110),無,無,yes
臺南市仁德區德南國民小學附設幼兒園,臺南市,仁德區,公立,[717]中正路二段209號,(06)2794772,http://www.dnps.tn.edu.tw,90,無,(110),無,無,yes
臺南市仁德區文賢國民小學附設幼兒園,臺南市,仁德區,公立,[717]文賢路一段886號,(06)2661260#203,https://www.facebook.com/%E8%87%BA%E5%8D%97%E5%B8%82%E6%96%87%E8%B3%A2%E5%9C%8B%E5%B0%8F%E9%99%84%E8,30,無,(110),無,無,yes
臺南市仁德區長興國民小學附設幼兒園,臺南市,仁德區,公立,[717]土庫路6號,(06)2723986#511,http://www.cses.tn.edu.tw,60,無,(110),無,無,yes
臺南市私立仁德聖兒幼兒園,臺南市,仁德區,私立,[717]中正西路493號,(06)2667832,,90,無,(110),無,無,yes
臺南市私立愛迪堡幼兒園,臺南市,仁德區,私立,[717]德崙路120號,(06)2798150#0000,aidpao.woby.com.tw,240,無,(110),有,無,yes
臺南市私立維也納幼兒園,臺南市,仁德區,私立,[717]新田一街61巷46號,(06)2798432#5,vienna0809.t0pschool.com.tw/,220,無,(110),無,無,yes
臺南市私立仁義幼兒園,臺南市,仁德區,私立,[717]中正路二段936巷14號,(06)2794392,,60,無,(110),無,無,yes
臺南市私立育昇幼兒園,臺南市,仁德區,私立,[717]義林二街116號,(06)2794441,kgb12367@yahoo.com.tw,90,無,(110),無,有,yes
臺南市私立聖宜幼兒園,臺南市,仁德區,私立,[717]仁德五街6號,(06)2791572,http://shen-yi.topschool.com.tw,140,無,(110),無,無,yes
臺南市私立寶琪幼兒園,臺南市,仁德區,私立,[717]28-8號,(06)2666122,,60,無,(110),有,有,yes
私立中華醫事科技大學附設臺南市幼兒園,臺南市,仁德區,私立,[717]文華一街89號,(06)2671214#910,lv670612@yahoo.com.tw,120,無,(110),無,無,yes
臺南市私立聖母幼兒園,臺南市,仁德區,私立,[717]土庫路26號,(06)2715103,,120,無,(110),無,無,yes
臺南市私立大宗幼兒園,臺南市,仁德區,私立,[717]中山路328巷11弄2號,(06)2704029,,75,無,(110),無,無,yes
臺南市私立甜蜜幼兒園,臺南市,仁德區,私立,[717]成功二街100號,(06)2672128,http://honey.topschool.com.tw,60,無,(110),無,有,yes
財團法人中華民國佛教慈濟慈善事業基金會附設臺南市私立台南大愛幼兒園,臺南市,仁德區,私立,[717]仁義路226號,(06)2493578,,140,無,(110),無,無,yes
臺南市私立小咪咪幼兒園,臺南市,仁德區,私立,[717]德洋路83號,(06)2903311,,120,無,(110),無,無,yes
臺南市私立鴻仁幼兒園,臺南市,仁德區,私立,[717]太子二街46號,(06)2723511,,90,110-112,(110),無,有,yes
臺南市私立熊寶寶幼兒園,臺南市,仁德區,私立,[717]德洋二街39巷16弄30號,(06)2901357,d3351010@seed.net.tw,90,110-112,(110),無,無,yes
嘉藥學校財團法人嘉南藥理大學附設臺南市私立嘉藥幼兒園,臺南市,仁德區,私立,[717]二仁路一段60號,(06)2667331,http://daycare.cnu.edu.tw/,160,無,(110),無,無,yes
臺南市私立明日之星幼兒園,臺南市,仁德區,私立,[717]仁義三街275號,(06)2796855,,105,110-112,(110),無,無,yes
臺南市立關廟幼兒園,臺南市,關廟區,公立,[718]文化街3號,(06)5956998,,106,無,(110),無,無,yes
臺南市關廟區關廟國民小學附設幼兒園,臺南市,關廟區,公立,[718]東安街70號,(06)5965564,http://tw.myblog.yahoo.com/gmes98/,60,無,(110),無,無,yes
臺南市關廟區五甲國民小學附設幼兒園,臺南市,關廟區,公立,[718]和平路246號,(06)5952155#201,http://dns.wjes.tn.edu.tw/xoops/,30,無,(110),無,無,yes
臺南市關廟區文和實驗小學附設幼兒園,臺南市,關廟區,公立,[718]長文街37號,(06)5551937#27,http://wh2es.tnc.edu.tw/2005/modules/wh2esdata/,30,無,(110),無,無,yes
臺南市關廟區深坑國民小學附設幼兒園,臺南市,關廟區,公立,[718]南雄路一段487號,(06)5952409#201,http://www.skps.tn.edu.tw/,30,無,(110),無,無,yes
臺南市關廟區保東國民小學附設幼兒園,臺南市,關廟區,公立,[718]關新路一段776號,(06)5952344#219,bdes.tnc.edu.tw,30,無,(110),無,無,yes
臺南市關廟區崇和國民小學附設幼兒園,臺南市,關廟區,公立,[718]南雄南路568號,(06)5551040#30,http://www.ches.tnc.edu.tw/xoops/index.php,30,無,(110),無,無,yes
臺南市私立真善美幼兒園,臺南市,關廟區,私立,[718]東安街136、138號,(06)5959054,,228,無,(110),無,無,yes
臺南市私立正大幼兒園,臺南市,關廟區,私立,[718]仁愛路625號,(06)5956906,http://yoyokids.ebc.net.tw/kdspreadv11.htm?kd=ETY149&ap=introduce,95,110-112,(110),有,無,yes
臺南市私立昇良幼兒園,臺南市,關廟區,私立,[718]花園三街101號,(06)5959961,,135,110-112,(110),無,無,yes
臺南市私立松安幼兒園,臺南市,關廟區,私立,[718]松安街63巷2號,(06)5955432,,90,無,(110),無,有,yes
臺南市私立明德幼兒園,臺南市,關廟區,私立,[718]明德街19號,(06)5956277,http://tw.pre.urlifelinks.com/school/ocean,30,無,(110),無,有,yes
臺南市私立安格堡幼兒園,臺南市,關廟區,私立,[718]松安街100號,(06)5951100,,191,110-112,(110),無,無,yes
臺南市龍崎區龍崎國民小學附設幼兒園,臺南市,龍崎區,公立,[719]新市子41號,(06)5941204#14,,38,無,(110),無,無,yes
臺南市官田區官田國民小學附設幼兒園,臺南市,官田區,公立,[720]11號,(06)6901195#201,http://gtes.tnc.edu.tw,30,無,(110),無,無,yes
臺南市官田區渡拔國民小學附設幼兒園,臺南市,官田區,公立,[720]77-1號,(06)6901908#15,www.dbes.tnc.edu.tw,45,無,(110),無,無,yes
臺南市官田區隆田國民小學附設幼兒園,臺南市,官田區,公立,[720]中山路一段127號,(06)5791047#107,http://www.ltes.tn.edu.tw/,60,無,(110),無,無,yes
臺南市私立史丹佛幼兒園,臺南市,官田區,私立,[720]56-39號,(06)6994999,http://shidanfo.woby.com.tw,260,無,(110),有,無,yes
臺南市私立健光幼兒園,臺南市,官田區,私立,[720]興隆街145號,(06)5790079,http://www5792798.woby.tw,105,無,(110),無,無,yes
臺南市私立小森林成長幼兒園,臺南市,官田區,私立,[720]二鎮69之68號,(06)6989716,Lfkgt@yahoo.com.tw,220,無,(110),無,有,yes
臺南市私立培德幼兒園,臺南市,官田區,私立,[720]興隆街101號,(06)5791294,http://www.catholic.org.tw/tn-petite/index.htm,90,無,(110),無,無,yes
臺南市立麻豆幼兒園,臺南市,麻豆區,公立,[721]溝仔墘2-6號,(06)5715893#211,http://www.freethinking.com.tw/kids/06002/,196,無,(110),無,無,yes
臺南市麻豆區麻豆國民小學附設幼兒園,臺南市,麻豆區,公立,[721]文昌路18號,(06)5716323,http://163.26.191.1,90,無,(110),無,無,yes
臺南市麻豆區文正國民小學附設幼兒園,臺南市,麻豆區,公立,[721]86號,(06)5722168,http://www.wj2es.tnc.edu.tw,30,無,(110),無,無,yes
臺南市麻豆區北勢國民小學附設幼兒園,臺南市,麻豆區,公立,[721]北勢寮15號,(06)5722844#701,http://tw.class.uschoolnet.com/class/?csid=css000000029622,30,無,(110),無,無,yes
臺南市麻豆區大山國民小學附設幼兒園,臺南市,麻豆區,公立,[721]大山腳1號,(06)5704463,http://www.ds1es.tnc.edu.tw/~ds1es/,30,無,(110),無,無,yes
臺南市麻豆區培文國民小學附設幼兒園,臺南市,麻豆區,公立,[721]和平路11號,(06)5720321,http://www.pwes.tnc.edu.tw/,60,無,(110),無,無,yes
臺南市麻豆區紀安國民小學附設幼兒園,臺南市,麻豆區,公立,[721]231號,(06)5722306,http://www.jaes.tnc.edu.tw,30,無,(110),無,無,yes
臺南市麻豆區港尾國民小學附設幼兒園,臺南市,麻豆區,公立,[721]9號,(06)5701341#111,https://www.gwes.tn.edu.tw/,30,無,(110),無,無,yes
臺南市麻豆區安業國民小學附設幼兒園,臺南市,麻豆區,公立,[721]113號,(06)5716761,,30,無,(110),無,無,yes
臺南市私立翌愛幼兒園,臺南市,麻豆區,私立,[721]民權路70-31號,(06)5720539,http://q13539307@yahoo.com.tw,67,無,(110),無,無,yes
臺南市私立福祐幼兒園,臺南市,麻豆區,私立,[721]關帝廟14-18號,(06)5720101,,204,無,(110),無,無,yes
臺南市私立小天使幼兒園,臺南市,麻豆區,私立,[721]140-38號,(06)5720359,angel.topschool.com.tw,100,無,(110),無,無,yes
臺南市私立麻豆樂人幼兒園,臺南市,麻豆區,私立,[721]中華街22號(舊大樓建號489棟1樓至3樓；新大樓建號585棟1樓至2樓),(06)5722142,http://leh-ren.topschool.com.tw/,200,無,(110),有,無,yes
國立曾文高級家事商業職業學校附設臺南市私立幼兒園,臺南市,麻豆區,私立,[721]和平路9號,(06)5712484,,90,無,(110),無,無,yes
臺南市私立大地暘光幼兒園,臺南市,麻豆區,私立,[721]客子寮293號,(06)5700657,http://www.sunny.woby.tw,80,110-112,(110),無,無,yes
臺南市私立皮卡丘幼兒園,臺南市,麻豆區,私立,[721]新生南路672號,(06)5726969,http://pikachu.woby.com.tw,80,110-112,(110),有,無,yes
臺南市西拉雅非營利幼兒園(委託社團法人臺南市兒童體能藝術人文教育發展協會辦理),臺南市,麻豆區,非營利,[721]南勢36之211號,(06)5711939,,106,無,(110),無,無,yes
臺南市佳里區佳興國民小學附設幼兒園,臺南市,佳里區,公立,[722]214號,(06)7260311#3,http://blog.yam.com/js2eskid&act=friended,90,無,(110),無,無,yes
臺南市佳里區子龍國民小學附設幼兒園,臺南市,佳里區,公立,[722]潭墘5號,(06)7262913,,60,無,(110),無,無,yes
臺南市佳里區塭內國民小學附設幼兒園,臺南市,佳里區,公立,[722]40號,(06)7891054#731,https://www.facebook.com/pages/%E5%8F%AB%E5%88%B0%E5%A1%AD%E5%85%A7%E8%AB%8B%E5%96%8A%E5%B9%BC/14566,60,無,(110),無,無,yes
臺南市佳里區延平國民小學附設幼兒園,臺南市,佳里區,公立,[722]136號,(06)7222331#701,http://ypes.tnc.edu.tw/xoops/modules/tadnews/,60,無,(110),無,無,yes
臺南市佳里區佳里國民小學附設幼兒園,臺南市,佳里區,公立,[722]公園路445號,(06)7210657,http://www.jles.tn.edu.tw,60,無,(110),無,無,yes
臺南市佳里區仁愛國民小學附設幼兒園,臺南市,佳里區,公立,[722]仁愛路307號,(06)7222227,http://raes.tnc.edu.tw,60,無,(110),無,無,yes
臺南市佳里區通興國民小學附設幼兒園,臺南市,佳里區,公立,[722]5之1號,(06)7873531#217,http://www.tses.tn.edu.tw/xoops/,30,無,(110),無,無,yes
臺南市佳里區信義國民小學附設幼兒園,臺南市,佳里區,公立,[722]信義一街336號,(06)7211918#311,http://www.syies.tn.edu.tw/,60,無,(110),無,無,yes
臺南市私立勁寶兒唯馨幼兒園,臺南市,佳里區,私立,[722]光華街130巷47弄50號,(06)7223189,,120,無,(110),無,無,yes
臺南市私立威爾森佳里幼兒園,臺南市,佳里區,私立,[722]安西49號之41(1-2樓)、49之42號(1樓),(06)7215811,https://www.tw-wilson.com/6302/Pages/Home.aspx,210,110-112,(110),無,無,yes
臺南市私立佳佳幼兒園,臺南市,佳里區,私立,[722]121-2號,(06)7221989,http://gaga.woby.com.tw/,242,無,(110),無,有,yes
臺南市私立佳里崧安幼兒園,臺南市,佳里區,私立,[722]佳西路392號,(06)7235691,,120,110-112,(110),無,有,yes
臺南市私立維多利亞幼兒園,臺南市,佳里區,私立,[722]祥和五街71號,(06)7222126,,95,無,(110),有,無,yes
臺南市私立立人幼兒園,臺南市,佳里區,私立,[722]76-2號,(06)7230575,,127,110-112,(110),無,無,yes
臺南市私立佳里劍橋幼兒園,臺南市,佳里區,私立,[722]公園路12號,(06)7214147,www.mikeallan.com.tw,165,110-112,(110),無,無,yes
臺南市私立佳祥幼兒園,臺南市,佳里區,私立,[722]公園路509號,(06)7226883,,60,無,(110),無,無,yes
臺南市私立善行幼兒園,臺南市,佳里區,私立,[722]中和街92號,(06)7221537,無,60,無,(110),有,有,yes
臺南市私立聖三幼兒園,臺南市,佳里區,私立,[722]和平街155號,(06)7211964,http://www.catholic.org.tw/trinity3/first.htm,120,無,(110),無,無,yes
臺南市私立泑潛幼兒園,臺南市,佳里區,私立,[722]安西134號,(06)7222343,,139,110-112,(110),無,無,yes
臺南市私立正心幼兒園,臺南市,佳里區,私立,[722]中山路158號,(06)7224186,Http://cheng-shin.52,150,無,(110),無,無,yes
臺南市伯利恆佳里非營利幼兒園(委託財團法人臺南市私立天主教伯利恆社會福利基金會辦理),臺南市,佳里區,非營利,[722]安南路546號,(06)7215005,,136,無,(110),無,無,yes
臺南市西港區西港國民小學附設幼兒園,臺南市,西港區,公立,[723]進學街60號,(06)7952005#111,www.sg2es.tnc.edu.tw,30,無,(110),無,無,yes
臺南市西港區成功國民小學附設幼兒園,臺南市,西港區,公立,[723]11號,(06)7952204#2151,http://www.cg1es.tnc.edu.tw/,30,無,(110),無,無,yes
臺南市西港區後營國民小學附設幼兒園,臺南市,西港區,公立,[723]3號,(06)7952131#709,http://163.26.128.1/~pasan/,30,無,(110),無,無,yes
臺南市西港區港東國民小學附設幼兒園,臺南市,西港區,公立,[723]雙張廍1-1號,(06)7952231#201,,30,無,(110),無,無,yes
臺南市私立福祺幼兒園,臺南市,西港區,私立,[723]中州27-1號,(06)7952436,http://fuchi.topschool.com.tw,170,110-112,(110),有,無,yes
臺南市私立華芃幼兒園,臺南市,西港區,私立,[723]新興街169巷13號,(06)7959787,http://www.wretch.cc/blog/huapeng99,66,無,無,無,無,no
臺南市私立西港意文幼兒園,臺南市,西港區,私立,[723]中山路77號,(06)7954003,,60,無,(110),無,有,yes
臺南市私立哈佛人文藝術幼兒園,臺南市,西港區,私立,[723]新興街107巷50號,(06)7957371,http://harvardtainan.myweb.hinet.net,414,110-112,(110),無,無,yes
臺南市私立吉姆大秝荳幼兒園,臺南市,西港區,私立,[723]中山路352號,(06)7951607,http://www.jimschool.woby.tw/,60,110-112,(110),無,有,yes
臺南市七股區竹橋國民小學附設幼兒園,臺南市,七股區,公立,[724]130號,(06)7891041#13,http://www.jces.tn.edu.tw,30,無,(110),無,無,yes
臺南市七股區三股國民小學附設幼兒園,臺南市,七股區,公立,[724]100號,(06)7880744#29,http://tt113k06.pixnet.net/blog,60,無,(110),無,無,yes
臺南市七股區後港國民小學附設幼兒園,臺南市,七股區,公立,[724]台潭1號,(06)7941305#49,www.hges.tn.edu.tw,15,無,(110),無,無,yes
臺南市七股區農會附設臺南市私立七農非營利幼兒園（臺南市政府核准申請辦理）,臺南市,七股區,非營利,[724]272號,(06)7871711#312,,131,無,(110),無,無,yes
臺南市立將軍幼兒園,臺南市,將軍區,公立,[725]176號,(06)7931378,,152,無,(110),無,無,yes
臺南市將軍區漚汪國民小學附設幼兒園,臺南市,將軍區,公立,[725]4號,(06)7942012#702,owes.tn.edu.tw,60,無,(110),無,無,yes
臺南市將軍區鯤鯓國民小學附設幼兒園,臺南市,將軍區,公立,[725]6號,(06)7920185,www.ks2es.tnc.edu.tw,30,無,(110),無,無,yes
臺南市立學甲幼兒園,臺南市,學甲區,公立,[726]下溪洲1-11號,(06)7832273,http://sj.pre-school.com.tw/,151,無,(110),無,無,yes
臺南市學甲區學甲國民小學附設幼兒園,臺南市,學甲區,公立,[726]一秀30號,(06)7833220#337,http://sjaes.dcs.tn.edu.tw/,60,無,(110),無,無,yes
臺南市學甲區東陽國民小學附設幼兒園,臺南市,學甲區,公立,[726]華宗路260號,(06)7833322#701,http://www.dyps.tn.edu.tw/,30,無,(110),無,無,yes
臺南市學甲區頂洲國民小學附設幼兒園,臺南市,學甲區,公立,[726]頂洲108號,(06)7810231,,15,無,無,無,無,yes
臺南市學甲區中洲國民小學附設幼兒園,臺南市,學甲區,公立,[726]645號,(06)7833214,,15,無,無,無,無,yes
臺南市私立諾貝爾幼兒園,臺南市,學甲區,私立,[726]中華路二段283號,(06)7836622,http://nobeltain.topschool.com.tw/,120,無,(110),無,無,yes
臺南市私立法源幼兒園,臺南市,學甲區,私立,[726]法源路27號,(06)7835703,,200,110-112,(110),有,無,yes
臺南市慈母非營利幼兒園(財團法人臺南市私立天主教伯利恆社會福利基金會申請辦理),臺南市,學甲區,非營利,[726]華宗路517號,(06)7835953,,105,無,(110),無,無,yes
臺南市北門區雙春國民小學附設幼兒園,臺南市,北門區,公立,[727]35-2號,(06)7863141#20,www.sc2es.tnc.edu.tw,15,無,(110),無,無,yes
臺南市北門區北門國民小學附設幼兒園,臺南市,北門區,公立,[727]舊埕3號,(06)7862035#10,http://163.26.110.129/,30,無,(110),無,無,yes
臺南市北門區蚵寮國民小學附設幼兒園,臺南市,北門區,公立,[727]791號,(06)7863250#207,http://www.kles.tnc.edu.tw/,30,無,(110),無,無,yes
臺南市北門區錦湖國民小學附設幼兒園,臺南市,北門區,公立,[727]75號,(06)7863454,,15,無,無,無,無,yes
臺南市北門區農會附設臺南市私立幼兒園,臺南市,北門區,私立,[727]118-1號,(06)7860472,www.beimen.org.tw,120,110-112,(110),無,無,yes
臺南市新營區新營國民小學附設幼兒園,臺南市,新營區,公立,[730]中正路4號,(06)6326109,http://www.sy3es.tnc.edu.tw/,120,無,(110),無,無,yes
臺南市新營區新興國民小學附設幼兒園,臺南市,新營區,公立,[730]316號,(06)6523779#208,http://www.hhes.tn.edu.tw/x/index.php,30,無,(110),無,無,yes
臺南市新營區新進國民小學附設幼兒園,臺南市,新營區,公立,[730]中正路41號,(06)6330651,http://163.26.169.1/home.php,60,無,(110),無,無,yes
臺南市新營區南梓實驗小學附設幼兒園,臺南市,新營區,公立,[730]太子路188號,(06)6590607#10,https://class.tn.edu.tw/modules/tad_web/index.php?WebID=10292,120,無,(110),無,無,yes
臺南市新營區土庫國民小學附設幼兒園,臺南市,新營區,公立,[730]71-1號,(06)6362323#127,http://tukuedu.pixnet.net/blog,30,無,(110),無,無,yes
臺南市新營區公誠國民小學附設幼兒園,臺南市,新營區,公立,[730]公誠街5號,(06)6333689,http://www.gces.tn.edu.tw/,60,無,(110),無,無,yes
臺南市新營區新泰國民小學附設幼兒園,臺南市,新營區,公立,[730]東學路77號,(06)6330496#702,http://163.26.205.2/~tea1039/,60,無,(110),無,無,yes
臺南市新營區新民國民小學附設幼兒園,臺南市,新營區,公立,[730]秦漢街118號,(06)6590541#10,http://www.smes.tnc.edu.tw/~kid001/index.html,45,無,(110),無,無,yes
臺南市新營區新橋國民小學附設幼兒園,臺南市,新營區,公立,[730]1號,(06)6581343#20,https://www.facebook.com/%E6%96%B0%E6%A9%8B%E5%9C%8B%E5%B0%8F%E9%99%84%E8%A8%AD%E5%B9%BC%E5%85%92%E5,30,無,(110),無,無,yes
臺南市新營區新生國民小學附設幼兒園,臺南市,新營區,公立,[730]52號,(06)6552524#17,https://www.facebook.com/%E6%96%B0%E7%87%9F%E5%8D%80%E6%96%B0%E7%94%9F%E5%9C%8B%E5%B0%8F%E9%99%84%E8,15,無,(110),無,無,yes
財團法人佛光山文教基金會附設臺南市私立小天星幼兒園,臺南市,新營區,私立,[730]長榮路一段510號,(06)6373151,,240,無,(110),無,有,yes
臺南市私立新天使幼兒園,臺南市,新營區,私立,[730]中正路479巷45號,(06)6359856,http://www.newangel.woby.tw,180,無,(110),有,無,yes
臺南市私立萬是幼兒園,臺南市,新營區,私立,[730]武昌街34號,(06)6370106,http://wangs.topschool.com.tw,170,無,(110),有,無,yes
臺南市私立哈佛幼兒園,臺南市,新營區,私立,[730]育德十一街37號,(06)6569481,,100,110-112,(110),無,無,yes
臺南市私立大自然幼兒園,臺南市,新營區,私立,[730]明清二街46號,(06)6564726,,60,110-112,(110),無,無,yes
臺南市私立小太陽東興幼兒園,臺南市,新營區,私立,[730]東興九街56號,(06)6352221,http://sun2221.topschool.tw/Home/Main,211,無,(110),無,無,yes
臺南市私立愛群幼兒園,臺南市,新營區,私立,[730]金華路二段81號,(06)6572988,http://aichun.woby.com.tw/,150,110-112,(110),無,無,yes
臺南市私立大華幼兒園,臺南市,新營區,私立,[730]太子宮1-11號,(06)6529758,http://dahua.topschool.com.tw/,120,無,(110),無,無,yes
臺南市私立新營小太陽幼兒園,臺南市,新營區,私立,[730]隋唐街69巷22號,(06)6568889,http://sunschool.topschool.com.tw/,180,無,(110),無,無,yes
臺南市私立立上幼兒園,臺南市,新營區,私立,[730]文昌街40號,(06)6329771,http://lishang.topschool.com.tw/,75,無,(110),無,無,yes
大臺南婦女會附設臺南市私立幼兒園,臺南市,新營區,私立,[730]民生路163巷16號、18號,(06)6569016,,80,110-112,(110),有,有,yes
財團法人天主教聖母無原罪方濟傳教修女會附設臺南市私立樂仁幼兒園,臺南市,新營區,私立,[730]民族路8號,(06)6323733,http://www.lojen.com.tw/,240,無,(110),無,無,yes
臺南市新營區農會附設臺南市私立幼兒園,臺南市,新營區,私立,[730]周武街79巷21弄6號,(06)6561820,,80,無,(110),無,無,yes
臺南市南新非營利幼兒園(委託財團法人天主教聖母無原罪方濟傳教修女會辦理),臺南市,新營區,非營利,[730]三興街39號,(06)6560938,臺南市新營區三興街39號,152,無,(110),無,無,yes
臺南市後壁區後壁國民小學附設幼兒園,臺南市,後壁區,公立,[731]195號,(06)6872915,www.hbes.tnc.edu.tw,45,無,(110),無,無,yes
臺南市後壁區安溪國民小學附設幼兒園,臺南市,後壁區,公立,[731]5號,(06)6361535#171,http://www.ases.tnc.edu.tw/,30,無,(110),無,無,yes
臺南市後壁區新東國民小學附設幼兒園,臺南市,後壁區,公立,[731]81號,(06)6320902#31,http://163.26.122.129/kid,30,無,(110),無,無,yes
臺南市後壁區新嘉國民小學附設幼兒園,臺南市,後壁區,公立,[731]210-2號,(06)6621981#10,http://www.sj2es.tnc.edu.tw/,30,無,(110),無,無,yes
臺南市後壁區菁寮國民小學附設幼兒園,臺南市,後壁區,公立,[731]282號,(06)6621271#18,,30,無,(110),無,無,yes
臺南市私立開心幼兒園,臺南市,後壁區,私立,[731]173-15號,(06)6872793,,186,110-112,(110),無,有,yes
臺南市私立名人幼兒園,臺南市,後壁區,私立,[731]89-5號,(06)6881063,mingren9@yahoo.com.tw,100,110-112,(110),有,無,yes
臺南市白河區玉豐國民小學附設幼兒園,臺南市,白河區,公立,[732]85號,(06)6852524#14,,30,無,(110),無,無,yes
臺南市白河區河東國民小學附設幼兒園,臺南市,白河區,公立,[732]83-1號,(06)6852896,163.26.110.8/html,30,無,(110),無,無,yes
臺南市白河區大竹國民小學附設幼兒園,臺南市,白河區,公立,[732]3號,(06)6856212,,30,無,(110),無,無,yes
臺南市白河區白河國民小學附設幼兒園,臺南市,白河區,公立,[732]三民路448號,(06)6852177#2001,http://www.bhes.tn.edu.tw,60,無,(110),無,無,yes
臺南市白河區內角國民小學附設幼兒園,臺南市,白河區,公立,[732]1號,(06)6817363,http//www.njes.tn.edu.tw,30,無,(110),無,無,yes
臺南市白河區竹門國民小學附設幼兒園,臺南市,白河區,公立,[732]113號,(06)6852097,,30,無,(110),無,無,yes
臺南市白河區仙草實驗小學附設幼兒園,臺南市,白河區,公立,[732]22號,(06)6852606,http://www.setes.edu.tw,15,無,(110),無,無,yes
臺南市私立舉人幼兒園,臺南市,白河區,私立,[732]富民路37號,(06)6830201,http://album.blog.yam.com/chujen,100,110-112,(110),有,無,yes
臺南市白河區農會附設臺南市私立幼兒園,臺南市,白河區,私立,[732]新厝子71-127號,(06)6830590,,130,無,無,無,無,no
臺南市私立日光幼兒園,臺南市,白河區,私立,[732]中山路491號,(06)6856811,http://sunlightkg.webnode.tw/,130,110-112,(110),無,無,yes
臺南市私立金典幼兒園,臺南市,白河區,私立,[732]中山路652號,(06)6830033,,120,無,(110),有,無,yes
臺南市東山區東山國民小學附設幼兒園,臺南市,東山區,公立,[733]龍鳳一街3號,(06)6803994,http：//www.doses.tn.edu.tw,60,無,(110),無,無,yes
臺南市東山區東原國民小學附設幼兒園,臺南市,東山區,公立,[733]8號,(06)6861042#101,http://dy1es.tnc.edu.tw/dy/,30,無,(110),無,無,yes
臺南市東山區吉貝耍國民小學附設幼兒園,臺南市,東山區,公立,[733]15號,(06)6231149#218,http://163.26.102.129,30,無,(110),無,無,yes
臺南市東山區聖賢國民小學附設幼兒園,臺南市,東山區,公立,[733]田尾29號,(06)6353170#27,http://ss2es.tnc.edu.tw,30,無,(110),無,無,yes
臺南市東山區青山國民小學附設幼兒園,臺南市,東山區,公立,[733]16號,(06)6863163,http..,30,無,(110),無,無,yes
臺南市私立幸福幼兒園,臺南市,東山區,私立,[733]東山320號,(06)6803111,http://happiness.topschool.com.tw/,300,無,(110),無,有,yes
臺南市私立領袖學院慈仁幼兒園,臺南市,東山區,私立,[733]凹仔腳47號,(06)6800853,http://www.wretch.cc/album/wwciren,180,無,(110),無,無,yes
臺南市立六甲幼兒園,臺南市,六甲區,公立,[734]建工街266號,(06)6984863#35,,70,無,無,無,無,yes
臺南市六甲區六甲國民小學附設幼兒園,臺南市,六甲區,公立,[734]中正路319號,(06)6982041#208,http://163.26.190.3/,150,無,(110),無,無,yes
臺南市六甲區林鳳國民小學附設幼兒園,臺南市,六甲區,公立,[734]林鳳營240號,(06)6983583#117,https://www.lfes.tn.edu.tw/modules/tad_web/index.php?WebID=2,30,無,(110),無,無,yes
臺南市官田區嘉南國民小學附設幼兒園,臺南市,六甲區,公立,[734]珊瑚路301號,(06)6982491,,30,無,(110),無,無,yes
臺南市私立安心幼兒園,臺南市,六甲區,私立,[734]光復街76巷25號,(06)6994517,,90,110-112,(110),無,無,yes
臺南市私立哈比斯特幼兒園,臺南市,六甲區,私立,[734]光明街23號,(06)6984678,,120,110-112,(110),有,無,yes
臺南市私立佑幼幼兒園,臺南市,六甲區,私立,[734]珊瑚路37號,(06)6989651,http://www.wretch.cc/blog/yoyokids,120,110-112,(110),無,無,yes
臺南市下營區中營國民小學附設幼兒園,臺南市,下營區,公立,[735]270號,(06)6892600#233,http://tw.class.uschoolnet.com/class/?csid=css000000128858,60,無,(110),無,無,yes
臺南市下營區賀建國民小學附設幼兒園,臺南市,下營區,公立,[735]麻豆寮49號,(06)6891109#20,http://www.hjes.tnc.edu.tw/,30,無,(110),無,無,yes
臺南市下營區東興國民小學附設幼兒園,臺南市,下營區,公立,[735]東興一街112號,(06)6892478#617,http://dongsingkids.uclass.com.tw,60,無,(110),無,無,yes
臺南市下營區下營國民小學附設幼兒園,臺南市,下營區,公立,[735]中山路二段72號,(06)6892181#312,http://www.syes.tn.edu.tw/,60,無,(110),無,無,yes
臺南市私立欽智幼兒園,臺南市,下營區,私立,[735]健康路221巷22號,(06)6899607,http://chin-chih.topschool.com.tw/,100,無,(110),無,無,yes
臺南市私立小圓圓幼兒園,臺南市,下營區,私立,[735]大同街22巷11號、大同街10、12號,(06)6893112,http://xyyk.dpfun.com,230,無,(110),無,無,yes
臺南市私立群英幼兒園,臺南市,下營區,私立,[735]仁里街122巷23號,(06)6891234,6891234.52school.com.tw,120,無,(110),無,無,yes
臺南市柳營區柳營國民小學附設幼兒園,臺南市,柳營區,公立,[736]柳營路一段755號,(06)6222124#108,http://120.116.80.1/,30,無,(110),無,無,yes
臺南市柳營區重溪國民小學附設幼兒園,臺南市,柳營區,公立,[736]義士路二段2號,(06)6231760,,30,無,(110),無,無,yes
臺南市柳營區新山國民小學附設幼兒園,臺南市,柳營區,公立,[736]新吉庄28-1號,(06)6231140#67,www.ss5es.tnc.edu.tw,30,無,(110),無,無,yes
臺南市柳營區果毅國民小學附設幼兒園,臺南市,柳營區,公立,[736]61號,(06)6231310#271,http://tw.class.uschoolnet.com/class/?csid=css000000165473,30,無,(110),無,無,yes
臺南市柳營區太康國民小學附設幼兒園,臺南市,柳營區,公立,[736]4-1號,(06)6220684#20,www.tkles.tnc.edu.tw,30,無,(110),無,無,yes
臺南市私立貝特幼兒園,臺南市,柳營區,私立,[736]義士路ㄧ段661號,(06)6235197,r6235197g@gmail.com,108,110-112,(110),無,無,yes
臺南市私立華一幼兒園,臺南市,柳營區,私立,[736]中山西路三段490巷27號,(06)6223123,,100,110-112,(110),無,有,yes
臺南市私立夏綠蒂幼兒園,臺南市,柳營區,私立,[736]中山西路一段302號,(09)81922999,,90,110-112,(110),無,無,yes
臺南市私立小袋鼠幼兒園,臺南市,柳營區,私立,[736]柳營路二段70號,(06)6225104,,50,110-112,(110),無,有,yes
臺南市私立欣榮幼兒園,臺南市,柳營區,私立,[736]132-12號,(06)6222456,http://6222456.woby.com.tw/,150,110-112,(110),無,有,yes
臺南市鹽水區岸內國民小學附設幼兒園,臺南市,鹽水區,公立,[737]新岸內96號,(06)6520651,http://www.anes.tnc.edu.tw,30,無,(110),無,無,yes
臺南市鹽水區文昌國民小學附設幼兒園,臺南市,鹽水區,公立,[737]10-3號,(06)6522664,wces.tnc.edu.tw,30,無,(110),無,無,yes
臺南市鹽水區月津國民小學附設幼兒園,臺南市,鹽水區,公立,[737]月津路16號,(06)6521061,http://www.yj2es.tnc.edu.tw/,60,無,(110),無,無,yes
臺南市鹽水區竹埔國民小學附設幼兒園,臺南市,鹽水區,公立,[737]竹子脚92-1號,(06)6551001#21,http://jpes.tn.edu.tw/,30,無,(110),無,無,yes
臺南市鹽水區仁光國民小學附設幼兒園,臺南市,鹽水區,公立,[737]117號,(06)6523620#27,http://tw.myblog.yahoo.com/jw!ZadLKz6TAAfckb3qRVEG79BAOOQ-/,30,無,(110),無,無,yes
臺南市鹽水區歡雅國民小學附設幼兒園,臺南市,鹽水區,公立,[737]31號,(06)6552225,https://reurl.cc/WdjOV7,30,無,(110),無,無,yes
臺南市鹽水區坔頭港國民小學附設幼兒園,臺南市,鹽水區,公立,[737]202號,(06)6892014,https://www.facebook.com/Dtg.kids/,30,無,(110),無,無,yes
臺南市鹽水區鹽水國民小學附設幼兒園,臺南市,鹽水區,公立,[737]朝琴路137號,(06)6528217#10,http://163.26.172.1/,90,無,(110),無,無,yes
臺南市私立新育人幼兒園,臺南市,鹽水區,私立,[737]和平路632巷6弄15號,(06)6529315,,35,無,(110),無,有,yes
臺南市私立大衛營幼兒園,臺南市,鹽水區,私立,[737]和平路335號,(06)6531110,,180,無,(110),無,無,yes
臺南市善化區善化國民小學附設幼兒園,臺南市,善化區,公立,[741]進學路63號,(06)5814176,http://tw.class.uschoolnet.com/class/?csid=css000000160648/,60,無,(110),無,無,yes
臺南市善化區茄拔國民小學附設幼兒園,臺南市,善化區,公立,[741]280號,(06)5837031#111,http://cbes.tnc.edu.tw/,30,無,(110),無,無,yes
臺南市善化區陽明國民小學附設幼兒園,臺南市,善化區,公立,[741]300號,(06)5817165#223,,90,無,(110),無,無,yes
臺南市善化區善糖國民小學附設幼兒園,臺南市,善化區,公立,[741]245號,(06)5817304,http://www.staes.tn.edu.tw/,30,無,(110),無,無,yes
臺南市善化區大同國民小學附設幼兒園,臺南市,善化區,公立,[741]200-1號,(06)5837352#105,http://tw.class.uschoolnet.com/class/?csid=css000000156645,60,無,(110),無,無,yes
臺南市善化區大成國民小學附設幼兒園,臺南市,善化區,公立,[741]大成路385號,(06)5837520,http://tw.pre.urlifelinks.com/school/dc1es-tnc,120,無,(110),無,無,yes
臺南市善化區小新國民小學附設幼兒園,臺南市,善化區,公立,[741]陽光大道366號,(06)5837019#3101,https://sites.google.com/ssees.tn.edu.tw/rabbit-baby/%E9%A6%96%E9%A0%81,60,無,(110),無,無,yes
臺南市私立聖保羅幼兒園,臺南市,善化區,私立,[741]興農路75號,(06)5811688,http://shengpaolo.topschool.com.tw,197,無,(110),有,無,yes
臺南市私立慧慈幼兒園,臺南市,善化區,私立,[741]文昌路65-6號,(06)5817144,http://dharma.fgs.org.tw/shrine/fgsastw32/kidweb/,180,無,(110),無,無,yes
台灣積體電路製造股份有限公司職工福利委員會附設臺南市私立台積電幼兒園,臺南市,善化區,私立,[741]南科北路1號之1,(06)5092011,,210,無,(110),無,無,yes
臺南市私立東東幼兒園,臺南市,善化區,私立,[741]永安路91巷4號,(06)5810988,http://dondon.topschool.com.tw/,150,110-112,(110),有,無,yes
臺南市私立善化華盛頓幼兒園,臺南市,善化區,私立,[741]公園路85號,(06)5853718,http://5853718.52school.com.tw,148,無,(110),無,無,yes
臺南市私立灣裡街幼兒園,臺南市,善化區,私立,[741]光文路3號,(06)5837047,,250,110-112,(110),無,無,yes
臺南市私立知恩幼兒園,臺南市,善化區,私立,[741]陽明路142巷41號,(06)5813360,,210,110-112,(110),無,無,yes
臺南市大內區大內國民小學附設幼兒園,臺南市,大內區,公立,[742]63號,(06)5763601,http://www.dn1es.tnc.edu.tw/,60,無,(110),無,無,yes
臺南市大內區二溪國民小學附設幼兒園,臺南市,大內區,公立,[742]154號,(06)5762001#210,www.eses.tnc.edu.tw,30,無,(110),無,無,yes
臺南市山上區山上國民小學附設幼兒園,臺南市,山上區,公立,[743]42號,(06)5781203#86,,30,無,(110),無,無,yes
臺南市私立德成幼兒園,臺南市,山上區,私立,[743]大庄1-70號,(06)5783386,http://tw.myblog.yahoo.com/de-chen/,150,無,(110),無,無,yes
臺南市立新市幼兒園,臺南市,新市區,公立,[744]富強路16巷1號,(06)5999840#20,,90,無,(110),無,無,yes
臺南市立新市幼兒園大社分班,臺南市,新市區,公立,[744]大社159號,(06)5011400,,30,無,(110),無,無,yes
臺南市立新市幼兒園大營分班,臺南市,新市區,公立,[744]大營213號,(06)5014610,,30,無,(110),無,無,yes
臺南市立新市幼兒園港墘分班,臺南市,新市區,公立,[744]華美街11-1號,(06)5014614,,30,無,(110),無,無,yes
臺南市立新市幼兒園社內分班,臺南市,新市區,公立,[744]社內91-22號,(06)5891071,,60,無,(110),無,無,yes
臺南市新市區大社國民小學附設幼兒園,臺南市,新市區,公立,[744]39號,(06)5991593#818,http://163.26.167.1/wp/kids/,60,無,(110),無,無,yes
臺南市新市區新市國民小學附設幼兒園,臺南市,新市區,公立,[744]中興街1號,(06)5891981#12,http://blog.sinses.tn.edu.tw/index.php?blogId=208,60,無,(110),無,無,yes
臺南市私立心之寶幼兒園,臺南市,新市區,私立,[744]大營131-51號,(06)5998100,,70,110-112,(110),有,無,yes
臺南市私立愛迪生幼兒園,臺南市,新市區,私立,[744]中正路323巷22弄2號,(06)5999313,http://edisonkids.topschool.com.tw/,180,無,(110),無,無,yes
臺南市私立蕃茄幼兒園,臺南市,新市區,私立,[744]永就94-6號,(06)5972567,http://tomato.topschool.com.tw/,150,無,(110),無,無,yes
臺南市私立德林國學幼兒園,臺南市,新市區,私立,[744]中正路301巷15弄23號,(06)5896306,,266,110-112,(110),無,有,yes
臺南市私立南科國際幼兒園,臺南市,新市區,私立,[744]大順六路8號,(06)5050188,http://www.genikid.com.tw/tnsipaik/,150,無,(110),無,無,yes
臺南市私立新寶幼兒園,臺南市,新市區,私立,[744]民族路182號,(06)5011671,,90,110-112,(110),有,無,yes
臺南市私立麥迪兒南科幼兒園,臺南市,新市區,私立,[744]大順三路125號,(06)5053586,http://idear-asia.topschool.com.tw/,65,無,(110),無,無,yes
臺南市私立愛心幼兒園,臺南市,新市區,私立,[744]537-13號,(06)5998635,,60,110-112,(110),有,無,yes
臺南市私立活水樹谷幼兒園,臺南市,新市區,私立,[744]活水路11號,(06)5897396#2,,300,無,(110),無,無,yes
臺南市私立曉信幼兒園,臺南市,新市區,私立,[744]龍目井路99號,(06)5851264,,299,無,無,無,有,yes
臺南市私立幼兒佳幼兒園,臺南市,新市區,私立,[744]富林路138號,(06)5894928,,120,110-112,(110),無,無,yes
臺南市私立樂芙幼兒園,臺南市,新市區,私立,[744]三舍195之57號,(06)5891598,https://www.facebook.com/124zvido,242,無,(110),無,無,yes
臺南市安定區南安國民小學附設幼兒園,臺南市,安定區,公立,[745]62號,(06)5923899,naes.tnc.edu.tw,60,無,(110),無,無,yes
臺南市安定區安定國民小學附設幼兒園,臺南市,安定區,公立,[745]1號,(06)5922579#700,www.adps.tn.edu.tw,60,無,(110),無,無,yes
臺南市安定區南興國民小學附設幼兒園,臺南市,安定區,公立,[745]30號,(06)5931038#276,http://www.anses.tn.edu.tw/,30,無,(110),無,無,yes
臺南市私立倍幼安幼兒園,臺南市,安定區,私立,[745]17-3號,(06)5933615,http://beiyouan.woby.com.tw,150,無,(110),無,無,yes
臺南市私立米琪幼兒園,臺南市,安定區,私立,[745]港口20-1號,(06)5930216,台南市安定區港南里港口20-1號,80,無,(110),無,無,yes
臺南市私立筑園幼兒園,臺南市,安定區,私立,[745]224-2號,(06)5924237,,25,無,(110),無,無,yes
臺南市私立活水幼兒園,臺南市,安定區,私立,[745]港子尾54-5號,(06)5925088,livingwater.urb.com.tw,390,無,(110),無,有,yes
臺南市私立慈暉幼兒園,臺南市,安定區,私立,[745]332-4號,(06)5934028,,241,無,(110),有,有,yes
臺南市私立小博士幼兒園,臺南市,安定區,私立,[745]15-12號,(06)5922090,,130,110-112,(110),無,有,yes
臺南市直加弄非營利幼兒園(委託台南縣幼兒托育職業工會辦理),臺南市,安定區,非營利,[745]46-2號,(06)5939599,,152,110-112,(110),無,無,yes
