鄉鎮市區,學校,類型,年齡,學期,班別,全學期總收費,課後延托費
朴子市,台灣基督長老教會朴子教會附設嘉義縣私立東明幼兒園,私立,5,上學期,全日班,47754,7200
朴子市,台灣基督長老教會朴子教會附設嘉義縣私立東明幼兒園,私立,5,下學期,全日班,47754,7200
朴子市,台灣基督長老教會朴子教會附設嘉義縣私立東明幼兒園,私立,4,上學期,全日班,47754,7200
朴子市,台灣基督長老教會朴子教會附設嘉義縣私立東明幼兒園,私立,4,下學期,全日班,47754,7200
朴子市,台灣基督長老教會朴子教會附設嘉義縣私立東明幼兒園,私立,3,上學期,全日班,47754,7200
朴子市,台灣基督長老教會朴子教會附設嘉義縣私立東明幼兒園,私立,3,下學期,全日班,47754,7200
朴子市,台灣基督長老教會朴子教會附設嘉義縣私立東明幼兒園,私立,2,上學期,全日班,51954,7200
朴子市,台灣基督長老教會朴子教會附設嘉義縣私立東明幼兒園,私立,2,下學期,全日班,51954,7200
中埔鄉,嘉義縣中埔鄉中埔國民小學附設幼兒園,公立,5,上學期,全日班,17625,
中埔鄉,嘉義縣中埔鄉中埔國民小學附設幼兒園,公立,5,下學期,全日班,15540,
中埔鄉,嘉義縣中埔鄉中埔國民小學附設幼兒園,公立,4,上學期,全日班,17625,
中埔鄉,嘉義縣中埔鄉中埔國民小學附設幼兒園,公立,4,下學期,全日班,15540,
中埔鄉,嘉義縣中埔鄉中埔國民小學附設幼兒園,公立,3,上學期,全日班,17625,
中埔鄉,嘉義縣中埔鄉中埔國民小學附設幼兒園,公立,3,下學期,全日班,15540,
中埔鄉,嘉義縣中埔鄉中埔國民小學附設幼兒園,公立,2,上學期,全日班,17625,
中埔鄉,嘉義縣中埔鄉中埔國民小學附設幼兒園,公立,2,下學期,全日班,15540,
中埔鄉,嘉義縣中埔鄉中山國民小學附設幼兒園,公立,5,上學期,全日班,16625,
中埔鄉,嘉義縣中埔鄉中山國民小學附設幼兒園,公立,5,下學期,全日班,14740,
中埔鄉,嘉義縣中埔鄉中山國民小學附設幼兒園,公立,4,上學期,全日班,16625,
中埔鄉,嘉義縣中埔鄉中山國民小學附設幼兒園,公立,4,下學期,全日班,14740,
中埔鄉,嘉義縣中埔鄉中山國民小學附設幼兒園,公立,3,上學期,全日班,16625,
中埔鄉,嘉義縣中埔鄉中山國民小學附設幼兒園,公立,3,下學期,全日班,14740,
中埔鄉,嘉義縣中埔鄉中山國民小學附設幼兒園,公立,2,上學期,全日班,16625,
中埔鄉,嘉義縣中埔鄉中山國民小學附設幼兒園,公立,2,下學期,全日班,14740,
中埔鄉,嘉義縣中埔鄉同仁國民小學附設幼兒園,公立,5,上學期,全日班,17625,
中埔鄉,嘉義縣中埔鄉同仁國民小學附設幼兒園,公立,5,下學期,全日班,15540,
中埔鄉,嘉義縣中埔鄉同仁國民小學附設幼兒園,公立,4,上學期,全日班,17625,
中埔鄉,嘉義縣中埔鄉同仁國民小學附設幼兒園,公立,4,下學期,全日班,15540,
中埔鄉,嘉義縣中埔鄉同仁國民小學附設幼兒園,公立,3,上學期,全日班,17625,
中埔鄉,嘉義縣中埔鄉同仁國民小學附設幼兒園,公立,3,下學期,全日班,15540,
中埔鄉,嘉義縣中埔鄉同仁國民小學附設幼兒園,公立,2,上學期,全日班,17625,
中埔鄉,嘉義縣中埔鄉同仁國民小學附設幼兒園,公立,2,下學期,全日班,15540,
中埔鄉,嘉義縣中埔鄉社口國民小學附設幼兒園,公立,5,上學期,全日班,16375,
中埔鄉,嘉義縣中埔鄉社口國民小學附設幼兒園,公立,5,下學期,全日班,14540,
中埔鄉,嘉義縣中埔鄉社口國民小學附設幼兒園,公立,4,上學期,全日班,16375,0
中埔鄉,嘉義縣中埔鄉社口國民小學附設幼兒園,公立,4,下學期,全日班,14540,0
中埔鄉,嘉義縣中埔鄉社口國民小學附設幼兒園,公立,3,上學期,全日班,16375,0
中埔鄉,嘉義縣中埔鄉社口國民小學附設幼兒園,公立,3,下學期,全日班,14540,0
中埔鄉,嘉義縣中埔鄉立中埔幼兒園,公立,5,上學期,全日班,21100,
中埔鄉,嘉義縣中埔鄉立中埔幼兒園,公立,5,下學期,全日班,21100,
中埔鄉,嘉義縣中埔鄉立中埔幼兒園,公立,4,上學期,全日班,21100,
中埔鄉,嘉義縣中埔鄉立中埔幼兒園,公立,4,下學期,全日班,21100,
中埔鄉,嘉義縣中埔鄉立中埔幼兒園,公立,3,上學期,全日班,21100,
中埔鄉,嘉義縣中埔鄉立中埔幼兒園,公立,3,下學期,全日班,21100,
中埔鄉,嘉義縣中埔鄉立中埔幼兒園三和分班,公立,5,上學期,全日班,21100,
中埔鄉,嘉義縣中埔鄉立中埔幼兒園三和分班,公立,5,下學期,全日班,21100,
中埔鄉,嘉義縣中埔鄉立中埔幼兒園三和分班,公立,4,上學期,全日班,21100,
中埔鄉,嘉義縣中埔鄉立中埔幼兒園三和分班,公立,4,下學期,全日班,21100,
中埔鄉,嘉義縣中埔鄉立中埔幼兒園三和分班,公立,3,上學期,全日班,21100,
中埔鄉,嘉義縣中埔鄉立中埔幼兒園三和分班,公立,3,下學期,全日班,21100,
中埔鄉,嘉義縣中埔鄉立中埔幼兒園中埔分班,公立,5,上學期,全日班,21100,
中埔鄉,嘉義縣中埔鄉立中埔幼兒園中埔分班,公立,5,下學期,全日班,21100,
中埔鄉,嘉義縣中埔鄉立中埔幼兒園中埔分班,公立,4,上學期,全日班,21100,
中埔鄉,嘉義縣中埔鄉立中埔幼兒園中埔分班,公立,4,下學期,全日班,21100,
中埔鄉,嘉義縣中埔鄉立中埔幼兒園中埔分班,公立,3,上學期,全日班,21100,
中埔鄉,嘉義縣中埔鄉立中埔幼兒園中埔分班,公立,3,下學期,全日班,21100,
中埔鄉,嘉義縣中埔鄉頂六國民小學附設幼兒園,公立,5,上學期,全日班,16425,
中埔鄉,嘉義縣中埔鄉頂六國民小學附設幼兒園,公立,5,下學期,全日班,14580,
中埔鄉,嘉義縣中埔鄉頂六國民小學附設幼兒園,公立,4,上學期,全日班,16425,
中埔鄉,嘉義縣中埔鄉頂六國民小學附設幼兒園,公立,4,下學期,全日班,14580,
中埔鄉,嘉義縣中埔鄉頂六國民小學附設幼兒園,公立,3,上學期,全日班,16425,
中埔鄉,嘉義縣中埔鄉頂六國民小學附設幼兒園,公立,3,下學期,全日班,14580,
六腳鄉,嘉義縣六腳鄉六腳國民小學附設幼兒園,公立,5,上學期,全日班,16375,
六腳鄉,嘉義縣六腳鄉六腳國民小學附設幼兒園,公立,5,下學期,全日班,14540,
六腳鄉,嘉義縣六腳鄉六腳國民小學附設幼兒園,公立,4,上學期,全日班,16375,
六腳鄉,嘉義縣六腳鄉六腳國民小學附設幼兒園,公立,4,下學期,全日班,14540,
六腳鄉,嘉義縣六腳鄉六腳國民小學附設幼兒園,公立,3,上學期,全日班,16375,
六腳鄉,嘉義縣六腳鄉六腳國民小學附設幼兒園,公立,3,下學期,全日班,14540,
六腳鄉,嘉義縣六腳鄉六腳國民小學附設幼兒園,公立,2,上學期,半日班,15375,
六腳鄉,嘉義縣六腳鄉六腳國民小學附設幼兒園,公立,2,上學期,全日班,16375,
六腳鄉,嘉義縣六腳鄉六腳國民小學附設幼兒園,公立,2,下學期,半日班,13740,
六腳鄉,嘉義縣六腳鄉六腳國民小學附設幼兒園,公立,2,下學期,全日班,14540,
六腳鄉,嘉義縣六腳鄉北美國民小學附設幼兒園,公立,5,上學期,全日班,17625,
六腳鄉,嘉義縣六腳鄉北美國民小學附設幼兒園,公立,5,下學期,全日班,15540,
六腳鄉,嘉義縣六腳鄉北美國民小學附設幼兒園,公立,4,上學期,全日班,17625,
六腳鄉,嘉義縣六腳鄉北美國民小學附設幼兒園,公立,4,下學期,全日班,15540,
六腳鄉,嘉義縣六腳鄉北美國民小學附設幼兒園,公立,3,上學期,全日班,17625,
六腳鄉,嘉義縣六腳鄉北美國民小學附設幼兒園,公立,3,下學期,全日班,15540,
六腳鄉,嘉義縣六腳鄉北美國民小學附設幼兒園,公立,2,上學期,全日班,17625,
六腳鄉,嘉義縣六腳鄉北美國民小學附設幼兒園,公立,2,下學期,全日班,15540,
六腳鄉,嘉義縣六腳鄉灣內國民小學附設幼兒園,公立,5,上學期,全日班,17625,
六腳鄉,嘉義縣六腳鄉灣內國民小學附設幼兒園,公立,5,下學期,全日班,15540,
六腳鄉,嘉義縣六腳鄉灣內國民小學附設幼兒園,公立,4,上學期,全日班,17625,
六腳鄉,嘉義縣六腳鄉灣內國民小學附設幼兒園,公立,4,下學期,全日班,15540,
六腳鄉,嘉義縣六腳鄉灣內國民小學附設幼兒園,公立,3,上學期,全日班,17625,
六腳鄉,嘉義縣六腳鄉灣內國民小學附設幼兒園,公立,3,下學期,全日班,15540,
六腳鄉,嘉義縣六腳鄉灣內國民小學附設幼兒園,公立,2,上學期,全日班,17625,
六腳鄉,嘉義縣六腳鄉灣內國民小學附設幼兒園,公立,2,下學期,全日班,15540,
六腳鄉,嘉義縣六腳鄉立六腳幼兒園,公立,5,上學期,全日班,18785,0
六腳鄉,嘉義縣六腳鄉立六腳幼兒園,公立,5,下學期,全日班,18785,0
六腳鄉,嘉義縣六腳鄉立六腳幼兒園,公立,4,上學期,全日班,18785,
六腳鄉,嘉義縣六腳鄉立六腳幼兒園,公立,4,下學期,全日班,18785,
六腳鄉,嘉義縣六腳鄉立六腳幼兒園,公立,3,上學期,全日班,18785,
六腳鄉,嘉義縣六腳鄉立六腳幼兒園,公立,3,下學期,全日班,18785,
大林鎮,嘉義縣大埔美非營利幼兒園(委託財團法人稻江科技暨管理學院設立之稻江科技暨管理學院辦理),非營利,5,上學期,全日班,57756,
大林鎮,嘉義縣大埔美非營利幼兒園(委託財團法人稻江科技暨管理學院設立之稻江科技暨管理學院辦理),非營利,5,下學期,全日班,57756,
大林鎮,嘉義縣大埔美非營利幼兒園(委託財團法人稻江科技暨管理學院設立之稻江科技暨管理學院辦理),非營利,4,上學期,全日班,57756,
大林鎮,嘉義縣大埔美非營利幼兒園(委託財團法人稻江科技暨管理學院設立之稻江科技暨管理學院辦理),非營利,4,下學期,全日班,57756,
大林鎮,嘉義縣大埔美非營利幼兒園(委託財團法人稻江科技暨管理學院設立之稻江科技暨管理學院辦理),非營利,3,上學期,全日班,57756,
大林鎮,嘉義縣大埔美非營利幼兒園(委託財團法人稻江科技暨管理學院設立之稻江科技暨管理學院辦理),非營利,3,下學期,全日班,57756,
大林鎮,嘉義縣大埔美非營利幼兒園(委託財團法人稻江科技暨管理學院設立之稻江科技暨管理學院辦理),非營利,2,上學期,全日班,62016,
大林鎮,嘉義縣大埔美非營利幼兒園(委託財團法人稻江科技暨管理學院設立之稻江科技暨管理學院辦理),非營利,2,下學期,全日班,62016,
大林鎮,嘉義縣大林鎮立大林幼兒園,公立,5,上學期,全日班,21100,
大林鎮,嘉義縣大林鎮立大林幼兒園,公立,5,下學期,全日班,21100,
大林鎮,嘉義縣大林鎮立大林幼兒園,公立,4,上學期,全日班,21100,
大林鎮,嘉義縣大林鎮立大林幼兒園,公立,4,下學期,全日班,21100,
大林鎮,嘉義縣大林鎮立大林幼兒園,公立,3,上學期,全日班,21100,
大林鎮,嘉義縣大林鎮立大林幼兒園,公立,3,下學期,全日班,21100,
太保市,嘉義縣太保市南新國民小學附設幼兒園,公立,5,上學期,全日班,18025,
太保市,嘉義縣太保市南新國民小學附設幼兒園,公立,5,下學期,全日班,15860,
太保市,嘉義縣太保市南新國民小學附設幼兒園,公立,4,上學期,全日班,18025,
太保市,嘉義縣太保市南新國民小學附設幼兒園,公立,4,下學期,全日班,15860,
太保市,嘉義縣太保市南新國民小學附設幼兒園,公立,3,上學期,全日班,18025,
太保市,嘉義縣太保市南新國民小學附設幼兒園,公立,3,下學期,全日班,15860,
太保市,嘉義縣太保市太保國民小學附設幼兒園,公立,5,上學期,全日班,17625,
太保市,嘉義縣太保市太保國民小學附設幼兒園,公立,5,下學期,全日班,15540,
太保市,嘉義縣太保市太保國民小學附設幼兒園,公立,4,上學期,全日班,17625,
太保市,嘉義縣太保市太保國民小學附設幼兒園,公立,4,下學期,全日班,15540,
太保市,嘉義縣太保市太保國民小學附設幼兒園,公立,3,上學期,全日班,17625,
太保市,嘉義縣太保市太保國民小學附設幼兒園,公立,3,下學期,全日班,15540,
太保市,嘉義縣太保市新埤國民小學附設幼兒園,公立,5,上學期,全日班,16875,0
太保市,嘉義縣太保市新埤國民小學附設幼兒園,公立,5,下學期,全日班,14940,0
太保市,嘉義縣太保市新埤國民小學附設幼兒園,公立,4,上學期,全日班,16875,0
太保市,嘉義縣太保市新埤國民小學附設幼兒園,公立,4,下學期,全日班,14940,0
太保市,嘉義縣太保市新埤國民小學附設幼兒園,公立,3,上學期,全日班,16875,0
太保市,嘉義縣太保市新埤國民小學附設幼兒園,公立,3,下學期,全日班,14940,0
布袋鎮,嘉義縣布袋鎮好美國民小學附設幼兒園,公立,5,上學期,全日班,18125,
布袋鎮,嘉義縣布袋鎮好美國民小學附設幼兒園,公立,5,下學期,全日班,15940,
布袋鎮,嘉義縣布袋鎮好美國民小學附設幼兒園,公立,4,上學期,全日班,18125,
布袋鎮,嘉義縣布袋鎮好美國民小學附設幼兒園,公立,4,下學期,全日班,15940,
布袋鎮,嘉義縣布袋鎮好美國民小學附設幼兒園,公立,3,上學期,全日班,18125,
布袋鎮,嘉義縣布袋鎮好美國民小學附設幼兒園,公立,3,下學期,全日班,15940,
布袋鎮,嘉義縣布袋鎮好美國民小學附設幼兒園,公立,2,上學期,全日班,18125,
布袋鎮,嘉義縣布袋鎮好美國民小學附設幼兒園,公立,2,下學期,全日班,15940,
布袋鎮,嘉義縣布袋鎮布新國民小學附設幼兒園,公立,5,上學期,全日班,16582,
布袋鎮,嘉義縣布袋鎮布新國民小學附設幼兒園,公立,5,下學期,全日班,16582,
布袋鎮,嘉義縣布袋鎮布新國民小學附設幼兒園,公立,4,上學期,全日班,16582,
布袋鎮,嘉義縣布袋鎮布新國民小學附設幼兒園,公立,4,下學期,全日班,16582,
布袋鎮,嘉義縣布袋鎮布新國民小學附設幼兒園,公立,3,上學期,全日班,16582,
布袋鎮,嘉義縣布袋鎮布新國民小學附設幼兒園,公立,3,下學期,全日班,16582,
布袋鎮,嘉義縣布袋鎮布袋國民小學附設幼兒園,公立,5,上學期,全日班,15907,0
布袋鎮,嘉義縣布袋鎮布袋國民小學附設幼兒園,公立,5,下學期,全日班,15907,0
布袋鎮,嘉義縣布袋鎮布袋國民小學附設幼兒園,公立,4,上學期,全日班,15907,0
布袋鎮,嘉義縣布袋鎮布袋國民小學附設幼兒園,公立,4,下學期,全日班,15907,0
布袋鎮,嘉義縣布袋鎮布袋國民小學附設幼兒園,公立,3,上學期,全日班,15907,0
布袋鎮,嘉義縣布袋鎮布袋國民小學附設幼兒園,公立,3,下學期,全日班,15907,0
布袋鎮,嘉義縣布袋鎮新塭國民小學附設幼兒園,公立,5,上學期,全日班,18125,
布袋鎮,嘉義縣布袋鎮新塭國民小學附設幼兒園,公立,5,下學期,全日班,15940,
布袋鎮,嘉義縣布袋鎮新塭國民小學附設幼兒園,公立,4,上學期,全日班,18125,
布袋鎮,嘉義縣布袋鎮新塭國民小學附設幼兒園,公立,4,下學期,全日班,15940,
布袋鎮,嘉義縣布袋鎮新塭國民小學附設幼兒園,公立,3,上學期,全日班,18125,
布袋鎮,嘉義縣布袋鎮新塭國民小學附設幼兒園,公立,3,下學期,全日班,15940,
布袋鎮,嘉義縣布袋鎮新塭國民小學附設幼兒園,公立,2,上學期,全日班,18125,
布袋鎮,嘉義縣布袋鎮新塭國民小學附設幼兒園,公立,2,下學期,全日班,15940,
布袋鎮,嘉義縣布袋鎮新岑國民小學附設幼兒園,公立,5,上學期,全日班,16128,
布袋鎮,嘉義縣布袋鎮新岑國民小學附設幼兒園,公立,5,下學期,全日班,16128,
布袋鎮,嘉義縣布袋鎮新岑國民小學附設幼兒園,公立,4,上學期,全日班,16128,
布袋鎮,嘉義縣布袋鎮新岑國民小學附設幼兒園,公立,4,下學期,全日班,16128,
布袋鎮,嘉義縣布袋鎮新岑國民小學附設幼兒園,公立,3,上學期,全日班,16128,
布袋鎮,嘉義縣布袋鎮新岑國民小學附設幼兒園,公立,3,下學期,全日班,16128,
布袋鎮,嘉義縣布袋鎮景山國民小學附設幼兒園,公立,5,上學期,全日班,16125,
布袋鎮,嘉義縣布袋鎮景山國民小學附設幼兒園,公立,5,下學期,全日班,14340,
布袋鎮,嘉義縣布袋鎮景山國民小學附設幼兒園,公立,4,上學期,全日班,16125,
布袋鎮,嘉義縣布袋鎮景山國民小學附設幼兒園,公立,4,下學期,全日班,14340,
布袋鎮,嘉義縣布袋鎮景山國民小學附設幼兒園,公立,3,上學期,全日班,16125,
布袋鎮,嘉義縣布袋鎮景山國民小學附設幼兒園,公立,3,下學期,全日班,14340,
布袋鎮,嘉義縣布袋鎮景山國民小學附設幼兒園,公立,2,上學期,全日班,16125,
布袋鎮,嘉義縣布袋鎮景山國民小學附設幼兒園,公立,2,下學期,全日班,14340,
布袋鎮,嘉義縣布袋鎮永安國民小學附設幼兒園,公立,5,上學期,全日班,18545,
布袋鎮,嘉義縣布袋鎮永安國民小學附設幼兒園,公立,5,下學期,全日班,16276,
布袋鎮,嘉義縣布袋鎮永安國民小學附設幼兒園,公立,4,上學期,全日班,18545,
布袋鎮,嘉義縣布袋鎮永安國民小學附設幼兒園,公立,4,下學期,全日班,16276,
布袋鎮,嘉義縣布袋鎮永安國民小學附設幼兒園,公立,3,上學期,全日班,18545,
布袋鎮,嘉義縣布袋鎮永安國民小學附設幼兒園,公立,3,下學期,全日班,16276,
布袋鎮,嘉義縣布袋鎮永安國民小學附設幼兒園,公立,2,上學期,全日班,18545,
布袋鎮,嘉義縣布袋鎮永安國民小學附設幼兒園,公立,2,下學期,全日班,16276,
布袋鎮,嘉義縣布袋鎮立布袋幼兒園,公立,5,上學期,全日班,15625,0
布袋鎮,嘉義縣布袋鎮立布袋幼兒園,公立,5,下學期,全日班,14875,0
布袋鎮,嘉義縣布袋鎮立布袋幼兒園,公立,4,上學期,全日班,15625,
布袋鎮,嘉義縣布袋鎮立布袋幼兒園,公立,4,下學期,全日班,14875,
布袋鎮,嘉義縣布袋鎮立布袋幼兒園,公立,3,上學期,全日班,15625,
布袋鎮,嘉義縣布袋鎮立布袋幼兒園,公立,3,下學期,全日班,14875,
布袋鎮,嘉義縣布袋鎮立布袋幼兒園,公立,2,上學期,全日班,15625,
布袋鎮,嘉義縣布袋鎮立布袋幼兒園,公立,2,下學期,全日班,14875,
布袋鎮,嘉義縣布袋鎮貴林國民小學附設幼兒園,公立,5,上學期,全日班,18545,
布袋鎮,嘉義縣布袋鎮貴林國民小學附設幼兒園,公立,5,下學期,全日班,16276,
布袋鎮,嘉義縣布袋鎮貴林國民小學附設幼兒園,公立,4,上學期,全日班,18545,
布袋鎮,嘉義縣布袋鎮貴林國民小學附設幼兒園,公立,4,下學期,全日班,16276,
布袋鎮,嘉義縣布袋鎮貴林國民小學附設幼兒園,公立,3,上學期,全日班,18545,
布袋鎮,嘉義縣布袋鎮貴林國民小學附設幼兒園,公立,3,下學期,全日班,16276,
布袋鎮,嘉義縣布袋鎮貴林國民小學附設幼兒園,公立,2,上學期,全日班,18545,
布袋鎮,嘉義縣布袋鎮貴林國民小學附設幼兒園,公立,2,下學期,全日班,16276,
布袋鎮,嘉義縣布袋鎮過溝國民小學附設幼兒園,公立,5,上學期,全日班,15875,
布袋鎮,嘉義縣布袋鎮過溝國民小學附設幼兒園,公立,5,下學期,全日班,14140,
布袋鎮,嘉義縣布袋鎮過溝國民小學附設幼兒園,公立,4,上學期,全日班,15875,
布袋鎮,嘉義縣布袋鎮過溝國民小學附設幼兒園,公立,4,下學期,全日班,14140,
布袋鎮,嘉義縣布袋鎮過溝國民小學附設幼兒園,公立,3,上學期,全日班,15875,
布袋鎮,嘉義縣布袋鎮過溝國民小學附設幼兒園,公立,3,下學期,全日班,14140,
布袋鎮,嘉義縣布袋鎮過溝國民小學附設幼兒園,公立,2,上學期,全日班,15875,
布袋鎮,嘉義縣布袋鎮過溝國民小學附設幼兒園,公立,2,下學期,全日班,14140,
新港鄉,嘉義縣新港鄉復興國民小學附設幼兒園,公立,5,上學期,全日班,18295,
新港鄉,嘉義縣新港鄉復興國民小學附設幼兒園,公立,5,下學期,全日班,16076,
新港鄉,嘉義縣新港鄉復興國民小學附設幼兒園,公立,4,上學期,全日班,18295,
新港鄉,嘉義縣新港鄉復興國民小學附設幼兒園,公立,4,下學期,全日班,16076,
新港鄉,嘉義縣新港鄉復興國民小學附設幼兒園,公立,3,上學期,全日班,18295,
新港鄉,嘉義縣新港鄉復興國民小學附設幼兒園,公立,3,下學期,全日班,16076,
新港鄉,嘉義縣新港鄉復興國民小學附設幼兒園,公立,2,上學期,全日班,18295,
新港鄉,嘉義縣新港鄉復興國民小學附設幼兒園,公立,2,下學期,全日班,16076,
新港鄉,嘉義縣新港鄉月眉國民小學附設幼兒園,公立,5,上學期,全日班,17185,
新港鄉,嘉義縣新港鄉月眉國民小學附設幼兒園,公立,5,下學期,全日班,17185,
新港鄉,嘉義縣新港鄉月眉國民小學附設幼兒園,公立,4,上學期,全日班,17185,
新港鄉,嘉義縣新港鄉月眉國民小學附設幼兒園,公立,4,下學期,全日班,17185,
新港鄉,嘉義縣新港鄉月眉國民小學附設幼兒園,公立,3,上學期,全日班,17185,
新港鄉,嘉義縣新港鄉月眉國民小學附設幼兒園,公立,3,下學期,全日班,17185,
新港鄉,嘉義縣新港鄉月眉國民小學附設幼兒園,公立,2,上學期,全日班,17185,
新港鄉,嘉義縣新港鄉月眉國民小學附設幼兒園,公立,2,下學期,全日班,17185,
新港鄉,嘉義縣新港鄉立新港幼兒園,公立,5,上學期,全日班,18900,
新港鄉,嘉義縣新港鄉立新港幼兒園,公立,5,下學期,全日班,18900,
新港鄉,嘉義縣新港鄉立新港幼兒園,公立,4,上學期,全日班,18900,
新港鄉,嘉義縣新港鄉立新港幼兒園,公立,4,下學期,全日班,18900,
新港鄉,嘉義縣新港鄉立新港幼兒園,公立,3,上學期,全日班,18900,
新港鄉,嘉義縣新港鄉立新港幼兒園,公立,3,下學期,全日班,18900,
朴子市,嘉義縣朴子市大同國民小學附設幼兒園,公立,5,上學期,全日班,17625,
朴子市,嘉義縣朴子市大同國民小學附設幼兒園,公立,5,下學期,全日班,15540,
朴子市,嘉義縣朴子市大同國民小學附設幼兒園,公立,4,上學期,全日班,17625,
朴子市,嘉義縣朴子市大同國民小學附設幼兒園,公立,4,下學期,全日班,15540,
朴子市,嘉義縣朴子市大同國民小學附設幼兒園,公立,3,上學期,全日班,17625,
朴子市,嘉義縣朴子市大同國民小學附設幼兒園,公立,3,下學期,全日班,15540,
朴子市,嘉義縣朴子市大鄉國民小學附設幼兒園,公立,5,上學期,全日班,18545,
朴子市,嘉義縣朴子市大鄉國民小學附設幼兒園,公立,5,下學期,全日班,16276,
朴子市,嘉義縣朴子市大鄉國民小學附設幼兒園,公立,4,上學期,全日班,18545,
朴子市,嘉義縣朴子市大鄉國民小學附設幼兒園,公立,4,下學期,全日班,16276,
朴子市,嘉義縣朴子市大鄉國民小學附設幼兒園,公立,3,上學期,全日班,18545,
朴子市,嘉義縣朴子市大鄉國民小學附設幼兒園,公立,3,下學期,全日班,16276,
朴子市,嘉義縣朴子市朴子國民小學附設幼兒園,公立,5,上學期,全日班,16375,
朴子市,嘉義縣朴子市朴子國民小學附設幼兒園,公立,5,下學期,全日班,14540,
朴子市,嘉義縣朴子市朴子國民小學附設幼兒園,公立,4,上學期,全日班,16375,
朴子市,嘉義縣朴子市朴子國民小學附設幼兒園,公立,4,下學期,全日班,14540,
朴子市,嘉義縣朴子市朴子國民小學附設幼兒園,公立,3,上學期,全日班,16375,
朴子市,嘉義縣朴子市朴子國民小學附設幼兒園,公立,3,下學期,全日班,14540,
朴子市,嘉義縣朴子市松梅國民小學附設幼兒園,公立,5,上學期,全日班,18345,
朴子市,嘉義縣朴子市松梅國民小學附設幼兒園,公立,5,下學期,全日班,16116,
朴子市,嘉義縣朴子市松梅國民小學附設幼兒園,公立,4,上學期,全日班,18345,
朴子市,嘉義縣朴子市松梅國民小學附設幼兒園,公立,4,下學期,全日班,16116,
朴子市,嘉義縣朴子市松梅國民小學附設幼兒園,公立,3,上學期,全日班,18345,
朴子市,嘉義縣朴子市松梅國民小學附設幼兒園,公立,3,下學期,全日班,16116,
朴子市,嘉義縣朴子市祥和國民小學附設幼兒園,公立,5,上學期,全日班,17725,
朴子市,嘉義縣朴子市祥和國民小學附設幼兒園,公立,5,下學期,全日班,16620,
朴子市,嘉義縣朴子市祥和國民小學附設幼兒園,公立,4,上學期,全日班,17725,
朴子市,嘉義縣朴子市祥和國民小學附設幼兒園,公立,4,下學期,全日班,16620,
朴子市,嘉義縣朴子市祥和國民小學附設幼兒園,公立,3,上學期,全日班,17725,
朴子市,嘉義縣朴子市祥和國民小學附設幼兒園,公立,3,下學期,全日班,16620,
朴子市,嘉義縣朴子市祥和國民小學附設幼兒園,公立,2,上學期,全日班,17725,
朴子市,嘉義縣朴子市祥和國民小學附設幼兒園,公立,2,下學期,全日班,16620,
朴子市,嘉義縣朴子市立朴子幼兒園,公立,5,上學期,全日班,17843,
朴子市,嘉義縣朴子市立朴子幼兒園,公立,5,下學期,全日班,17843,
朴子市,嘉義縣朴子市立朴子幼兒園,公立,4,上學期,全日班,17843,
朴子市,嘉義縣朴子市立朴子幼兒園,公立,4,下學期,全日班,17843,
朴子市,嘉義縣朴子市立朴子幼兒園,公立,3,上學期,全日班,17843,
朴子市,嘉義縣朴子市立朴子幼兒園,公立,3,下學期,全日班,17843,
朴子市,嘉義縣朴子市立朴子幼兒園,公立,2,上學期,全日班,17843,
朴子市,嘉義縣朴子市立朴子幼兒園,公立,2,下學期,全日班,17843,
朴子市,嘉義縣朴子市立朴子幼兒園松梅分班,公立,5,上學期,全日班,17843,
朴子市,嘉義縣朴子市立朴子幼兒園松梅分班,公立,5,下學期,全日班,17843,
朴子市,嘉義縣朴子市立朴子幼兒園松梅分班,公立,4,上學期,全日班,17843,
朴子市,嘉義縣朴子市立朴子幼兒園松梅分班,公立,4,下學期,全日班,17843,
朴子市,嘉義縣朴子市立朴子幼兒園松梅分班,公立,3,上學期,全日班,17843,
朴子市,嘉義縣朴子市立朴子幼兒園松梅分班,公立,3,下學期,全日班,17843,
朴子市,嘉義縣朴子市立朴子幼兒園松梅分班,公立,2,上學期,全日班,17843,
朴子市,嘉義縣朴子市立朴子幼兒園松梅分班,公立,2,下學期,全日班,17843,
朴子市,嘉義縣朴子市雙溪國民小學附設幼兒園,公立,5,上學期,全日班,17975,
朴子市,嘉義縣朴子市雙溪國民小學附設幼兒園,公立,5,下學期,全日班,15820,
朴子市,嘉義縣朴子市雙溪國民小學附設幼兒園,公立,4,上學期,全日班,17975,
朴子市,嘉義縣朴子市雙溪國民小學附設幼兒園,公立,4,下學期,全日班,15820,
朴子市,嘉義縣朴子市雙溪國民小學附設幼兒園,公立,3,上學期,全日班,17975,
朴子市,嘉義縣朴子市雙溪國民小學附設幼兒園,公立,3,下學期,全日班,15820,
東石鄉,嘉義縣東石鄉三江國民小學附設幼兒園,公立,5,上學期,全日班,17032,
東石鄉,嘉義縣東石鄉三江國民小學附設幼兒園,公立,5,下學期,全日班,17032,
東石鄉,嘉義縣東石鄉三江國民小學附設幼兒園,公立,4,上學期,全日班,17032,
東石鄉,嘉義縣東石鄉三江國民小學附設幼兒園,公立,4,下學期,全日班,17032,
東石鄉,嘉義縣東石鄉三江國民小學附設幼兒園,公立,3,上學期,全日班,17032,
東石鄉,嘉義縣東石鄉三江國民小學附設幼兒園,公立,3,下學期,全日班,17032,
東石鄉,嘉義縣東石鄉下楫國民小學附設幼兒園,公立,5,上學期,全日班,18545,
東石鄉,嘉義縣東石鄉下楫國民小學附設幼兒園,公立,5,下學期,全日班,16276,
東石鄉,嘉義縣東石鄉下楫國民小學附設幼兒園,公立,4,上學期,全日班,18545,
東石鄉,嘉義縣東石鄉下楫國民小學附設幼兒園,公立,4,下學期,全日班,16276,
東石鄉,嘉義縣東石鄉下楫國民小學附設幼兒園,公立,3,上學期,全日班,18545,
東石鄉,嘉義縣東石鄉下楫國民小學附設幼兒園,公立,3,下學期,全日班,16276,
東石鄉,嘉義縣東石鄉塭港國民小學附設幼兒園,公立,5,上學期,全日班,18545,
東石鄉,嘉義縣東石鄉塭港國民小學附設幼兒園,公立,5,下學期,全日班,16276,
東石鄉,嘉義縣東石鄉塭港國民小學附設幼兒園,公立,4,上學期,全日班,18545,
東石鄉,嘉義縣東石鄉塭港國民小學附設幼兒園,公立,4,下學期,全日班,16276,
東石鄉,嘉義縣東石鄉塭港國民小學附設幼兒園,公立,3,上學期,全日班,18545,
東石鄉,嘉義縣東石鄉塭港國民小學附設幼兒園,公立,3,下學期,全日班,16276,
東石鄉,嘉義縣東石鄉塭港國民小學附設幼兒園,公立,2,上學期,全日班,18545,
東石鄉,嘉義縣東石鄉塭港國民小學附設幼兒園,公立,2,下學期,全日班,16276,
東石鄉,嘉義縣東石鄉東石國民小學附設幼兒園,公立,5,上學期,全日班,16582,
東石鄉,嘉義縣東石鄉東石國民小學附設幼兒園,公立,5,下學期,全日班,16582,
東石鄉,嘉義縣東石鄉東石國民小學附設幼兒園,公立,4,上學期,全日班,16582,
東石鄉,嘉義縣東石鄉東石國民小學附設幼兒園,公立,4,下學期,全日班,16582,
東石鄉,嘉義縣東石鄉東石國民小學附設幼兒園,公立,3,上學期,全日班,16582,
東石鄉,嘉義縣東石鄉東石國民小學附設幼兒園,公立,3,下學期,全日班,16582,
東石鄉,嘉義縣東石鄉港墘國民小學附設幼兒園,公立,5,上學期,全日班,17375,
東石鄉,嘉義縣東石鄉港墘國民小學附設幼兒園,公立,5,下學期,全日班,15340,
東石鄉,嘉義縣東石鄉港墘國民小學附設幼兒園,公立,4,上學期,全日班,17375,
東石鄉,嘉義縣東石鄉港墘國民小學附設幼兒園,公立,4,下學期,全日班,15340,
東石鄉,嘉義縣東石鄉港墘國民小學附設幼兒園,公立,3,上學期,全日班,17375,
東石鄉,嘉義縣東石鄉港墘國民小學附設幼兒園,公立,3,下學期,全日班,15340,
東石鄉,嘉義縣東石鄉立東石幼兒園,公立,5,上學期,全日班,18250,
東石鄉,嘉義縣東石鄉立東石幼兒園,公立,5,下學期,全日班,18250,
東石鄉,嘉義縣東石鄉立東石幼兒園,公立,4,上學期,全日班,18250,
東石鄉,嘉義縣東石鄉立東石幼兒園,公立,4,下學期,全日班,18250,
東石鄉,嘉義縣東石鄉立東石幼兒園,公立,3,上學期,全日班,18250,
東石鄉,嘉義縣東石鄉立東石幼兒園,公立,3,下學期,全日班,18250,
東石鄉,嘉義縣東石鄉立東石幼兒園,公立,2,上學期,全日班,18250,
東石鄉,嘉義縣東石鄉立東石幼兒園,公立,2,下學期,全日班,18250,
東石鄉,嘉義縣東石鄉網寮國民小學附設幼兒園,公立,5,上學期,全日班,17625,
東石鄉,嘉義縣東石鄉網寮國民小學附設幼兒園,公立,5,下學期,全日班,15540,
東石鄉,嘉義縣東石鄉網寮國民小學附設幼兒園,公立,4,上學期,全日班,17625,
東石鄉,嘉義縣東石鄉網寮國民小學附設幼兒園,公立,4,下學期,全日班,15540,
東石鄉,嘉義縣東石鄉網寮國民小學附設幼兒園,公立,3,上學期,全日班,17625,
東石鄉,嘉義縣東石鄉網寮國民小學附設幼兒園,公立,3,下學期,全日班,15540,
東石鄉,嘉義縣東石鄉網寮國民小學附設幼兒園,公立,2,上學期,全日班,17625,
東石鄉,嘉義縣東石鄉網寮國民小學附設幼兒園,公立,2,下學期,全日班,15540,
東石鄉,嘉義縣東石鄉龍崗國民小學附設幼兒園,公立,5,上學期,全日班,18125,
東石鄉,嘉義縣東石鄉龍崗國民小學附設幼兒園,公立,5,下學期,全日班,15940,
東石鄉,嘉義縣東石鄉龍崗國民小學附設幼兒園,公立,4,上學期,全日班,18125,
東石鄉,嘉義縣東石鄉龍崗國民小學附設幼兒園,公立,4,下學期,全日班,15940,
東石鄉,嘉義縣東石鄉龍崗國民小學附設幼兒園,公立,3,上學期,全日班,18125,
東石鄉,嘉義縣東石鄉龍崗國民小學附設幼兒園,公立,3,下學期,全日班,15940,
東石鄉,嘉義縣東石鄉龍崗國民小學附設幼兒園,公立,2,上學期,全日班,18125,
東石鄉,嘉義縣東石鄉龍崗國民小學附設幼兒園,公立,2,下學期,全日班,15940,
東石鄉,嘉義縣東石鄉龍港國民小學附設幼兒園,公立,5,上學期,全日班,17125,
東石鄉,嘉義縣東石鄉龍港國民小學附設幼兒園,公立,5,下學期,全日班,15140,
東石鄉,嘉義縣東石鄉龍港國民小學附設幼兒園,公立,4,上學期,全日班,17125,
東石鄉,嘉義縣東石鄉龍港國民小學附設幼兒園,公立,4,下學期,全日班,15140,
東石鄉,嘉義縣東石鄉龍港國民小學附設幼兒園,公立,3,上學期,全日班,16925,
東石鄉,嘉義縣東石鄉龍港國民小學附設幼兒園,公立,3,下學期,全日班,14940,
梅山鄉,嘉義縣梅山鄉仁和國民小學附設幼兒園,公立,5,上學期,全日班,18545,
梅山鄉,嘉義縣梅山鄉仁和國民小學附設幼兒園,公立,5,下學期,全日班,16276,
梅山鄉,嘉義縣梅山鄉仁和國民小學附設幼兒園,公立,4,上學期,全日班,18545,
梅山鄉,嘉義縣梅山鄉仁和國民小學附設幼兒園,公立,4,下學期,全日班,16276,
梅山鄉,嘉義縣梅山鄉仁和國民小學附設幼兒園,公立,3,上學期,全日班,18545,
梅山鄉,嘉義縣梅山鄉仁和國民小學附設幼兒園,公立,3,下學期,全日班,16276,
梅山鄉,嘉義縣梅山鄉仁和國民小學附設幼兒園,公立,2,上學期,全日班,18545,
梅山鄉,嘉義縣梅山鄉仁和國民小學附設幼兒園,公立,2,下學期,全日班,16276,
梅山鄉,嘉義縣梅山鄉大南國民小學附設幼兒園,公立,5,上學期,全日班,18545,
梅山鄉,嘉義縣梅山鄉大南國民小學附設幼兒園,公立,5,下學期,全日班,16276,
梅山鄉,嘉義縣梅山鄉大南國民小學附設幼兒園,公立,4,上學期,全日班,18545,
梅山鄉,嘉義縣梅山鄉大南國民小學附設幼兒園,公立,4,下學期,全日班,16276,
梅山鄉,嘉義縣梅山鄉大南國民小學附設幼兒園,公立,3,上學期,全日班,18545,
梅山鄉,嘉義縣梅山鄉大南國民小學附設幼兒園,公立,3,下學期,全日班,16276,
梅山鄉,嘉義縣梅山鄉大南國民小學附設幼兒園,公立,2,上學期,全日班,18545,
梅山鄉,嘉義縣梅山鄉大南國民小學附設幼兒園,公立,2,下學期,全日班,16276,
梅山鄉,嘉義縣梅山鄉大南國民小學附設幼兒園安靖分班,公立,5,上學期,全日班,18545,
梅山鄉,嘉義縣梅山鄉大南國民小學附設幼兒園安靖分班,公立,5,下學期,全日班,16276,
梅山鄉,嘉義縣梅山鄉大南國民小學附設幼兒園安靖分班,公立,4,上學期,全日班,18545,
梅山鄉,嘉義縣梅山鄉大南國民小學附設幼兒園安靖分班,公立,4,下學期,全日班,16276,
梅山鄉,嘉義縣梅山鄉大南國民小學附設幼兒園安靖分班,公立,3,上學期,全日班,18545,
梅山鄉,嘉義縣梅山鄉大南國民小學附設幼兒園安靖分班,公立,3,下學期,全日班,16276,
梅山鄉,嘉義縣梅山鄉大南國民小學附設幼兒園安靖分班,公立,2,上學期,全日班,18545,
梅山鄉,嘉義縣梅山鄉大南國民小學附設幼兒園安靖分班,公立,2,下學期,全日班,16276,
梅山鄉,嘉義縣梅山鄉太和國民小學附設幼兒園,公立,5,上學期,全日班,19045,
梅山鄉,嘉義縣梅山鄉太和國民小學附設幼兒園,公立,5,下學期,全日班,16676,
梅山鄉,嘉義縣梅山鄉太和國民小學附設幼兒園,公立,4,上學期,全日班,19045,
梅山鄉,嘉義縣梅山鄉太和國民小學附設幼兒園,公立,4,下學期,全日班,16676,
梅山鄉,嘉義縣梅山鄉太和國民小學附設幼兒園,公立,3,上學期,全日班,19045,
梅山鄉,嘉義縣梅山鄉太和國民小學附設幼兒園,公立,3,下學期,全日班,16676,
梅山鄉,嘉義縣梅山鄉太和國民小學附設幼兒園,公立,2,上學期,全日班,19045,
梅山鄉,嘉義縣梅山鄉太和國民小學附設幼兒園,公立,2,下學期,全日班,16676,
梅山鄉,嘉義縣梅山鄉太平國民小學附設幼兒園,公立,5,上學期,全日班,18545,
梅山鄉,嘉義縣梅山鄉太平國民小學附設幼兒園,公立,5,下學期,全日班,16276,
梅山鄉,嘉義縣梅山鄉太平國民小學附設幼兒園,公立,4,上學期,全日班,18545,
梅山鄉,嘉義縣梅山鄉太平國民小學附設幼兒園,公立,4,下學期,全日班,16276,
梅山鄉,嘉義縣梅山鄉太平國民小學附設幼兒園,公立,3,上學期,全日班,18545,
梅山鄉,嘉義縣梅山鄉太平國民小學附設幼兒園,公立,3,下學期,全日班,16276,
梅山鄉,嘉義縣梅山鄉太平國民小學附設幼兒園,公立,2,上學期,全日班,18545,
梅山鄉,嘉義縣梅山鄉太平國民小學附設幼兒園,公立,2,下學期,全日班,16276,
梅山鄉,嘉義縣梅山鄉太興國民小學附設幼兒園,公立,5,上學期,全日班,18545,
梅山鄉,嘉義縣梅山鄉太興國民小學附設幼兒園,公立,5,下學期,全日班,16276,
梅山鄉,嘉義縣梅山鄉太興國民小學附設幼兒園,公立,4,上學期,全日班,18545,
梅山鄉,嘉義縣梅山鄉太興國民小學附設幼兒園,公立,4,下學期,全日班,16276,
梅山鄉,嘉義縣梅山鄉太興國民小學附設幼兒園,公立,3,上學期,全日班,18545,
梅山鄉,嘉義縣梅山鄉太興國民小學附設幼兒園,公立,3,下學期,全日班,16276,
梅山鄉,嘉義縣梅山鄉太興國民小學附設幼兒園,公立,2,上學期,全日班,18545,
梅山鄉,嘉義縣梅山鄉太興國民小學附設幼兒園,公立,2,下學期,全日班,16276,
梅山鄉,嘉義縣梅山鄉梅山國民小學附設幼兒園,公立,5,上學期,全日班,17625,
梅山鄉,嘉義縣梅山鄉梅山國民小學附設幼兒園,公立,5,下學期,全日班,15540,
梅山鄉,嘉義縣梅山鄉梅山國民小學附設幼兒園,公立,4,上學期,全日班,17625,
梅山鄉,嘉義縣梅山鄉梅山國民小學附設幼兒園,公立,4,下學期,全日班,15540,
梅山鄉,嘉義縣梅山鄉梅山國民小學附設幼兒園,公立,3,上學期,全日班,17625,
梅山鄉,嘉義縣梅山鄉梅山國民小學附設幼兒園,公立,3,下學期,全日班,15540,
梅山鄉,嘉義縣梅山鄉瑞峰國民小學附設幼兒園,公立,5,上學期,半日班,13691,
梅山鄉,嘉義縣梅山鄉瑞峰國民小學附設幼兒園,公立,5,上學期,全日班,16807,
梅山鄉,嘉義縣梅山鄉瑞峰國民小學附設幼兒園,公立,5,下學期,半日班,13691,
梅山鄉,嘉義縣梅山鄉瑞峰國民小學附設幼兒園,公立,5,下學期,全日班,16807,
梅山鄉,嘉義縣梅山鄉瑞峰國民小學附設幼兒園,公立,4,上學期,半日班,13691,
梅山鄉,嘉義縣梅山鄉瑞峰國民小學附設幼兒園,公立,4,上學期,全日班,16807,
梅山鄉,嘉義縣梅山鄉瑞峰國民小學附設幼兒園,公立,4,下學期,半日班,13691,
梅山鄉,嘉義縣梅山鄉瑞峰國民小學附設幼兒園,公立,4,下學期,全日班,16807,
梅山鄉,嘉義縣梅山鄉瑞峰國民小學附設幼兒園,公立,3,上學期,半日班,13691,
梅山鄉,嘉義縣梅山鄉瑞峰國民小學附設幼兒園,公立,3,上學期,全日班,16807,
梅山鄉,嘉義縣梅山鄉瑞峰國民小學附設幼兒園,公立,3,下學期,半日班,13691,
梅山鄉,嘉義縣梅山鄉瑞峰國民小學附設幼兒園,公立,3,下學期,全日班,16807,
梅山鄉,嘉義縣梅山鄉瑞里國民小學附設幼兒園,公立,5,上學期,全日班,19045,
梅山鄉,嘉義縣梅山鄉瑞里國民小學附設幼兒園,公立,5,下學期,全日班,16676,
梅山鄉,嘉義縣梅山鄉瑞里國民小學附設幼兒園,公立,4,上學期,全日班,19045,
梅山鄉,嘉義縣梅山鄉瑞里國民小學附設幼兒園,公立,4,下學期,全日班,16676,
梅山鄉,嘉義縣梅山鄉瑞里國民小學附設幼兒園,公立,3,上學期,全日班,19045,
梅山鄉,嘉義縣梅山鄉瑞里國民小學附設幼兒園,公立,3,下學期,全日班,16676,
梅山鄉,嘉義縣梅山鄉立梅山幼兒園,公立,5,上學期,全日班,21479,
梅山鄉,嘉義縣梅山鄉立梅山幼兒園,公立,5,下學期,全日班,21479,
梅山鄉,嘉義縣梅山鄉立梅山幼兒園,公立,4,上學期,全日班,21479,
梅山鄉,嘉義縣梅山鄉立梅山幼兒園,公立,4,下學期,全日班,21479,
梅山鄉,嘉義縣梅山鄉立梅山幼兒園,公立,3,上學期,全日班,21479,
梅山鄉,嘉義縣梅山鄉立梅山幼兒園,公立,3,下學期,全日班,21479,
梅山鄉,嘉義縣梅山鄉立梅山幼兒園,公立,2,上學期,全日班,21479,
梅山鄉,嘉義縣梅山鄉立梅山幼兒園,公立,2,下學期,全日班,21479,
民雄鄉,嘉義縣民雄鄉三興國民小學附設幼兒園,公立,5,上學期,全日班,19095,
民雄鄉,嘉義縣民雄鄉三興國民小學附設幼兒園,公立,5,下學期,全日班,16716,
民雄鄉,嘉義縣民雄鄉三興國民小學附設幼兒園,公立,4,上學期,全日班,19095,
民雄鄉,嘉義縣民雄鄉三興國民小學附設幼兒園,公立,4,下學期,全日班,16716,
民雄鄉,嘉義縣民雄鄉三興國民小學附設幼兒園,公立,3,上學期,全日班,19095,
民雄鄉,嘉義縣民雄鄉三興國民小學附設幼兒園,公立,3,下學期,全日班,16716,
民雄鄉,嘉義縣民雄鄉大崎國民小學附設幼兒園,公立,5,上學期,半日班,16335,0
民雄鄉,嘉義縣民雄鄉大崎國民小學附設幼兒園,公立,5,上學期,全日班,18545,0
民雄鄉,嘉義縣民雄鄉大崎國民小學附設幼兒園,公立,5,下學期,半日班,14508,0
民雄鄉,嘉義縣民雄鄉大崎國民小學附設幼兒園,公立,5,下學期,全日班,16276,0
民雄鄉,嘉義縣民雄鄉大崎國民小學附設幼兒園,公立,4,上學期,半日班,16335,0
民雄鄉,嘉義縣民雄鄉大崎國民小學附設幼兒園,公立,4,上學期,全日班,18545,0
民雄鄉,嘉義縣民雄鄉大崎國民小學附設幼兒園,公立,4,下學期,半日班,14508,0
民雄鄉,嘉義縣民雄鄉大崎國民小學附設幼兒園,公立,4,下學期,全日班,16276,0
民雄鄉,嘉義縣民雄鄉大崎國民小學附設幼兒園,公立,3,上學期,半日班,16335,0
民雄鄉,嘉義縣民雄鄉大崎國民小學附設幼兒園,公立,3,上學期,全日班,18545,0
民雄鄉,嘉義縣民雄鄉大崎國民小學附設幼兒園,公立,3,下學期,半日班,14508,0
民雄鄉,嘉義縣民雄鄉大崎國民小學附設幼兒園,公立,3,下學期,全日班,16276,0
民雄鄉,嘉義縣民雄鄉大崎國民小學附設幼兒園,公立,2,上學期,半日班,16335,0
民雄鄉,嘉義縣民雄鄉大崎國民小學附設幼兒園,公立,2,上學期,全日班,18545,0
民雄鄉,嘉義縣民雄鄉大崎國民小學附設幼兒園,公立,2,下學期,半日班,14508,0
民雄鄉,嘉義縣民雄鄉大崎國民小學附設幼兒園,公立,2,下學期,全日班,16276,0
民雄鄉,嘉義縣民雄鄉民雄國民小學附設幼兒園,公立,5,上學期,全日班,18295,
民雄鄉,嘉義縣民雄鄉民雄國民小學附設幼兒園,公立,5,下學期,全日班,16076,
民雄鄉,嘉義縣民雄鄉民雄國民小學附設幼兒園,公立,4,上學期,全日班,18295,
民雄鄉,嘉義縣民雄鄉民雄國民小學附設幼兒園,公立,4,下學期,全日班,16076,
民雄鄉,嘉義縣民雄鄉民雄國民小學附設幼兒園,公立,3,上學期,全日班,18295,
民雄鄉,嘉義縣民雄鄉民雄國民小學附設幼兒園,公立,3,下學期,全日班,16076,
民雄鄉,嘉義縣民雄鄉福樂國民小學附設幼兒園,公立,5,上學期,全日班,18295,
民雄鄉,嘉義縣民雄鄉福樂國民小學附設幼兒園,公立,5,下學期,全日班,16076,
民雄鄉,嘉義縣民雄鄉福樂國民小學附設幼兒園,公立,4,上學期,全日班,18295,
民雄鄉,嘉義縣民雄鄉福樂國民小學附設幼兒園,公立,4,下學期,全日班,16076,
民雄鄉,嘉義縣民雄鄉福樂國民小學附設幼兒園,公立,3,上學期,全日班,18295,
民雄鄉,嘉義縣民雄鄉福樂國民小學附設幼兒園,公立,3,下學期,全日班,16076,
民雄鄉,嘉義縣民雄鄉秀林國民小學附設幼兒園,公立,5,上學期,全日班,17032,
民雄鄉,嘉義縣民雄鄉秀林國民小學附設幼兒園,公立,5,下學期,全日班,17032,
民雄鄉,嘉義縣民雄鄉秀林國民小學附設幼兒園,公立,4,上學期,全日班,17032,
民雄鄉,嘉義縣民雄鄉秀林國民小學附設幼兒園,公立,4,下學期,全日班,17032,
民雄鄉,嘉義縣民雄鄉秀林國民小學附設幼兒園,公立,3,上學期,全日班,17032,
民雄鄉,嘉義縣民雄鄉秀林國民小學附設幼兒園,公立,3,下學期,全日班,17032,
民雄鄉,嘉義縣民雄鄉立民雄幼兒園,公立,5,上學期,全日班,21100,
民雄鄉,嘉義縣民雄鄉立民雄幼兒園,公立,5,下學期,全日班,21100,
民雄鄉,嘉義縣民雄鄉立民雄幼兒園,公立,4,上學期,全日班,21100,
民雄鄉,嘉義縣民雄鄉立民雄幼兒園,公立,4,下學期,全日班,21100,
民雄鄉,嘉義縣民雄鄉立民雄幼兒園,公立,3,上學期,全日班,21100,
民雄鄉,嘉義縣民雄鄉立民雄幼兒園,公立,3,下學期,全日班,21100,
水上鄉,嘉義縣水上鄉南靖國民小學附設幼兒園,公立,5,上學期,全日班,16875,
水上鄉,嘉義縣水上鄉南靖國民小學附設幼兒園,公立,5,下學期,全日班,14940,
水上鄉,嘉義縣水上鄉南靖國民小學附設幼兒園,公立,4,上學期,全日班,16875,
水上鄉,嘉義縣水上鄉南靖國民小學附設幼兒園,公立,4,下學期,全日班,14940,
水上鄉,嘉義縣水上鄉南靖國民小學附設幼兒園,公立,3,上學期,全日班,16875,
水上鄉,嘉義縣水上鄉南靖國民小學附設幼兒園,公立,3,下學期,全日班,14940,
水上鄉,嘉義縣水上鄉忠和國民小學附設幼兒園,公立,5,上學期,全日班,18545,
水上鄉,嘉義縣水上鄉忠和國民小學附設幼兒園,公立,5,下學期,全日班,17410,
水上鄉,嘉義縣水上鄉忠和國民小學附設幼兒園,公立,4,上學期,全日班,18545,
水上鄉,嘉義縣水上鄉忠和國民小學附設幼兒園,公立,4,下學期,半日班,200,
水上鄉,嘉義縣水上鄉忠和國民小學附設幼兒園,公立,4,下學期,全日班,17410,
水上鄉,嘉義縣水上鄉忠和國民小學附設幼兒園,公立,3,上學期,全日班,18545,
水上鄉,嘉義縣水上鄉忠和國民小學附設幼兒園,公立,3,下學期,全日班,17410,
水上鄉,嘉義縣水上鄉柳林國民小學附設幼兒園,公立,5,上學期,半日班,13975,
水上鄉,嘉義縣水上鄉柳林國民小學附設幼兒園,公立,5,上學期,全日班,18395,
水上鄉,嘉義縣水上鄉柳林國民小學附設幼兒園,公立,5,下學期,半日班,12620,
水上鄉,嘉義縣水上鄉柳林國民小學附設幼兒園,公立,5,下學期,全日班,16156,
水上鄉,嘉義縣水上鄉柳林國民小學附設幼兒園,公立,4,上學期,半日班,13975,
水上鄉,嘉義縣水上鄉柳林國民小學附設幼兒園,公立,4,上學期,全日班,18395,
水上鄉,嘉義縣水上鄉柳林國民小學附設幼兒園,公立,4,下學期,半日班,12620,
水上鄉,嘉義縣水上鄉柳林國民小學附設幼兒園,公立,4,下學期,全日班,16156,
水上鄉,嘉義縣水上鄉柳林國民小學附設幼兒園,公立,3,上學期,半日班,13975,
水上鄉,嘉義縣水上鄉柳林國民小學附設幼兒園,公立,3,上學期,全日班,18395,
水上鄉,嘉義縣水上鄉柳林國民小學附設幼兒園,公立,3,下學期,半日班,12620,
水上鄉,嘉義縣水上鄉柳林國民小學附設幼兒園,公立,3,下學期,全日班,16156,
水上鄉,嘉義縣水上鄉立水上幼兒園,公立,5,上學期,全日班,15085,
水上鄉,嘉義縣水上鄉立水上幼兒園,公立,5,下學期,全日班,15085,
水上鄉,嘉義縣水上鄉立水上幼兒園,公立,4,上學期,全日班,15085,
水上鄉,嘉義縣水上鄉立水上幼兒園,公立,4,下學期,全日班,15085,
水上鄉,嘉義縣水上鄉立水上幼兒園,公立,3,上學期,全日班,15085,
水上鄉,嘉義縣水上鄉立水上幼兒園,公立,3,下學期,全日班,15085,
水上鄉,嘉義縣水上鄉立水上幼兒園,公立,2,上學期,全日班,15085,
水上鄉,嘉義縣水上鄉立水上幼兒園,公立,2,下學期,全日班,15085,
水上鄉,嘉義縣水上鄉立水上幼兒園三和分班,公立,5,上學期,全日班,15085,
水上鄉,嘉義縣水上鄉立水上幼兒園三和分班,公立,5,下學期,全日班,15085,
水上鄉,嘉義縣水上鄉立水上幼兒園三和分班,公立,4,上學期,全日班,15085,
水上鄉,嘉義縣水上鄉立水上幼兒園三和分班,公立,4,下學期,全日班,15085,
水上鄉,嘉義縣水上鄉立水上幼兒園三和分班,公立,3,上學期,全日班,15085,
水上鄉,嘉義縣水上鄉立水上幼兒園三和分班,公立,3,下學期,全日班,15085,
水上鄉,嘉義縣水上鄉立水上幼兒園三和分班,公立,2,上學期,全日班,15085,
水上鄉,嘉義縣水上鄉立水上幼兒園三和分班,公立,2,下學期,全日班,15085,
水上鄉,嘉義縣水上鄉立水上幼兒園三界分班,公立,5,上學期,全日班,15250,
水上鄉,嘉義縣水上鄉立水上幼兒園三界分班,公立,5,下學期,全日班,15250,
水上鄉,嘉義縣水上鄉立水上幼兒園三界分班,公立,4,上學期,全日班,15250,
水上鄉,嘉義縣水上鄉立水上幼兒園三界分班,公立,4,下學期,全日班,15250,
水上鄉,嘉義縣水上鄉立水上幼兒園三界分班,公立,3,上學期,全日班,15250,
水上鄉,嘉義縣水上鄉立水上幼兒園三界分班,公立,3,下學期,全日班,15250,
水上鄉,嘉義縣水上鄉立水上幼兒園三界分班,公立,2,上學期,全日班,15250,
水上鄉,嘉義縣水上鄉立水上幼兒園三界分班,公立,2,下學期,全日班,15250,
水上鄉,嘉義縣水上鄉立水上幼兒園大崙分班,公立,5,上學期,全日班,15195,
水上鄉,嘉義縣水上鄉立水上幼兒園大崙分班,公立,5,下學期,全日班,15195,
水上鄉,嘉義縣水上鄉立水上幼兒園大崙分班,公立,4,上學期,全日班,15195,
水上鄉,嘉義縣水上鄉立水上幼兒園大崙分班,公立,4,下學期,全日班,15195,
水上鄉,嘉義縣水上鄉立水上幼兒園大崙分班,公立,3,上學期,全日班,15195,
水上鄉,嘉義縣水上鄉立水上幼兒園大崙分班,公立,3,下學期,全日班,15195,
水上鄉,嘉義縣水上鄉立水上幼兒園大崙分班,公立,2,上學期,全日班,15195,
水上鄉,嘉義縣水上鄉立水上幼兒園大崙分班,公立,2,下學期,全日班,15195,
水上鄉,嘉義縣水上鄉立水上幼兒園寬士分班,公立,5,上學期,全日班,14700,
水上鄉,嘉義縣水上鄉立水上幼兒園寬士分班,公立,5,下學期,全日班,14700,
水上鄉,嘉義縣水上鄉立水上幼兒園寬士分班,公立,4,上學期,全日班,14700,
水上鄉,嘉義縣水上鄉立水上幼兒園寬士分班,公立,4,下學期,全日班,14700,
水上鄉,嘉義縣水上鄉立水上幼兒園寬士分班,公立,3,上學期,全日班,14700,
水上鄉,嘉義縣水上鄉立水上幼兒園寬士分班,公立,3,下學期,全日班,14700,
水上鄉,嘉義縣水上鄉立水上幼兒園寬士分班,公立,2,上學期,全日班,14700,
水上鄉,嘉義縣水上鄉立水上幼兒園寬士分班,公立,2,下學期,全日班,14700,
水上鄉,嘉義縣水上鄉立水上幼兒園忠和分班,公立,5,上學期,全日班,15250,
水上鄉,嘉義縣水上鄉立水上幼兒園忠和分班,公立,5,下學期,全日班,15250,
水上鄉,嘉義縣水上鄉立水上幼兒園忠和分班,公立,4,上學期,全日班,15250,
水上鄉,嘉義縣水上鄉立水上幼兒園忠和分班,公立,4,下學期,全日班,15250,
水上鄉,嘉義縣水上鄉立水上幼兒園忠和分班,公立,3,上學期,全日班,15250,
水上鄉,嘉義縣水上鄉立水上幼兒園忠和分班,公立,3,下學期,全日班,15250,
水上鄉,嘉義縣水上鄉立水上幼兒園忠和分班,公立,2,上學期,全日班,15250,
水上鄉,嘉義縣水上鄉立水上幼兒園忠和分班,公立,2,下學期,全日班,15250,
溪口鄉,嘉義縣溪口鄉柴林國民小學附設幼兒園,公立,5,上學期,半日班,16625,
溪口鄉,嘉義縣溪口鄉柴林國民小學附設幼兒園,公立,5,上學期,全日班,18625,
溪口鄉,嘉義縣溪口鄉柴林國民小學附設幼兒園,公立,5,下學期,半日班,14740,
溪口鄉,嘉義縣溪口鄉柴林國民小學附設幼兒園,公立,5,下學期,全日班,16340,
溪口鄉,嘉義縣溪口鄉柴林國民小學附設幼兒園,公立,4,上學期,半日班,16625,
溪口鄉,嘉義縣溪口鄉柴林國民小學附設幼兒園,公立,4,上學期,全日班,18625,
溪口鄉,嘉義縣溪口鄉柴林國民小學附設幼兒園,公立,4,下學期,半日班,14740,
溪口鄉,嘉義縣溪口鄉柴林國民小學附設幼兒園,公立,4,下學期,全日班,16340,
溪口鄉,嘉義縣溪口鄉柴林國民小學附設幼兒園,公立,3,上學期,半日班,16625,
溪口鄉,嘉義縣溪口鄉柴林國民小學附設幼兒園,公立,3,上學期,全日班,18625,
溪口鄉,嘉義縣溪口鄉柴林國民小學附設幼兒園,公立,3,下學期,半日班,14740,
溪口鄉,嘉義縣溪口鄉柴林國民小學附設幼兒園,公立,3,下學期,全日班,16340,
溪口鄉,嘉義縣溪口鄉立溪口幼兒園,公立,5,上學期,全日班,18900,
溪口鄉,嘉義縣溪口鄉立溪口幼兒園,公立,5,下學期,全日班,18900,
溪口鄉,嘉義縣溪口鄉立溪口幼兒園,公立,4,上學期,全日班,18900,
溪口鄉,嘉義縣溪口鄉立溪口幼兒園,公立,4,下學期,全日班,18900,
溪口鄉,嘉義縣溪口鄉立溪口幼兒園,公立,3,上學期,全日班,18900,
溪口鄉,嘉義縣溪口鄉立溪口幼兒園,公立,3,下學期,全日班,18900,
溪口鄉,嘉義縣溪口鄉立溪口幼兒園,公立,2,上學期,全日班,18900,
溪口鄉,嘉義縣溪口鄉立溪口幼兒園,公立,2,下學期,全日班,18900,
番路鄉,嘉義縣番路鄉大湖國民小學附設幼兒園,公立,5,上學期,全日班,18525,
番路鄉,嘉義縣番路鄉大湖國民小學附設幼兒園,公立,5,下學期,全日班,16260,
番路鄉,嘉義縣番路鄉大湖國民小學附設幼兒園,公立,4,上學期,全日班,18525,
番路鄉,嘉義縣番路鄉大湖國民小學附設幼兒園,公立,4,下學期,全日班,16260,
番路鄉,嘉義縣番路鄉大湖國民小學附設幼兒園,公立,3,上學期,全日班,18525,
番路鄉,嘉義縣番路鄉大湖國民小學附設幼兒園,公立,3,下學期,全日班,16260,
番路鄉,嘉義縣番路鄉大湖國民小學附設幼兒園,公立,2,上學期,全日班,18525,
番路鄉,嘉義縣番路鄉大湖國民小學附設幼兒園,公立,2,下學期,全日班,16260,
番路鄉,嘉義縣番路鄉立番路幼兒園,公立,5,上學期,全日班,20715,
番路鄉,嘉義縣番路鄉立番路幼兒園,公立,5,下學期,全日班,20715,
番路鄉,嘉義縣番路鄉立番路幼兒園,公立,4,上學期,全日班,20715,
番路鄉,嘉義縣番路鄉立番路幼兒園,公立,4,下學期,全日班,20715,
番路鄉,嘉義縣番路鄉立番路幼兒園,公立,3,上學期,全日班,20715,
番路鄉,嘉義縣番路鄉立番路幼兒園,公立,3,下學期,全日班,20715,
番路鄉,嘉義縣番路鄉立番路幼兒園,公立,2,上學期,全日班,20715,
番路鄉,嘉義縣番路鄉立番路幼兒園,公立,2,下學期,全日班,20715,
番路鄉,嘉義縣番路鄉隙頂國民小學附設幼兒園,公立,5,上學期,全日班,18795,
番路鄉,嘉義縣番路鄉隙頂國民小學附設幼兒園,公立,5,下學期,全日班,16476,
番路鄉,嘉義縣番路鄉隙頂國民小學附設幼兒園,公立,4,上學期,全日班,18795,
番路鄉,嘉義縣番路鄉隙頂國民小學附設幼兒園,公立,4,下學期,全日班,16476,
番路鄉,嘉義縣番路鄉隙頂國民小學附設幼兒園,公立,3,上學期,全日班,18795,
番路鄉,嘉義縣番路鄉隙頂國民小學附設幼兒園,公立,3,下學期,全日班,16476,
番路鄉,嘉義縣番路鄉黎明國民小學附設幼兒園,公立,5,上學期,全日班,17875,
番路鄉,嘉義縣番路鄉黎明國民小學附設幼兒園,公立,5,下學期,全日班,15740,
番路鄉,嘉義縣番路鄉黎明國民小學附設幼兒園,公立,4,上學期,全日班,17875,
番路鄉,嘉義縣番路鄉黎明國民小學附設幼兒園,公立,4,下學期,全日班,15740,
番路鄉,嘉義縣番路鄉黎明國民小學附設幼兒園,公立,3,上學期,全日班,17875,
番路鄉,嘉義縣番路鄉黎明國民小學附設幼兒園,公立,3,下學期,全日班,15740,
番路鄉,嘉義縣番路鄉黎明國民小學附設幼兒園,公立,2,上學期,全日班,17875,
番路鄉,嘉義縣番路鄉黎明國民小學附設幼兒園,公立,2,下學期,全日班,15740,
水上鄉,嘉義縣私立一之一幼兒園,私立,5,上學期,全日班,33180,
水上鄉,嘉義縣私立一之一幼兒園,私立,5,下學期,全日班,33180,
水上鄉,嘉義縣私立一之一幼兒園,私立,4,上學期,全日班,43800,
水上鄉,嘉義縣私立一之一幼兒園,私立,4,下學期,全日班,43800,
水上鄉,嘉義縣私立一之一幼兒園,私立,3,上學期,全日班,43800,
水上鄉,嘉義縣私立一之一幼兒園,私立,3,下學期,全日班,43800,
水上鄉,嘉義縣私立一之一幼兒園,私立,2,上學期,全日班,43800,
水上鄉,嘉義縣私立一之一幼兒園,私立,2,下學期,全日班,43800,
太保市,嘉義縣私立一二三幼兒園,私立,5,上學期,全日班,50718,7200
太保市,嘉義縣私立一二三幼兒園,私立,5,下學期,全日班,50718,7200
太保市,嘉義縣私立一二三幼兒園,私立,4,上學期,全日班,57018,7200
太保市,嘉義縣私立一二三幼兒園,私立,4,下學期,全日班,57018,7200
太保市,嘉義縣私立一二三幼兒園,私立,3,上學期,全日班,57018,7200
太保市,嘉義縣私立一二三幼兒園,私立,3,下學期,全日班,57018,7200
太保市,嘉義縣私立一二三幼兒園,私立,2,上學期,全日班,60018,7200
太保市,嘉義縣私立一二三幼兒園,私立,2,下學期,全日班,60018,7200
民雄鄉,嘉義縣私立伊貝兒幼兒園,私立,5,上學期,全日班,50400,
民雄鄉,嘉義縣私立伊貝兒幼兒園,私立,5,下學期,全日班,50400,
民雄鄉,嘉義縣私立伊貝兒幼兒園,私立,4,上學期,全日班,50400,
民雄鄉,嘉義縣私立伊貝兒幼兒園,私立,4,下學期,全日班,50400,
民雄鄉,嘉義縣私立伊貝兒幼兒園,私立,3,上學期,全日班,50400,
民雄鄉,嘉義縣私立伊貝兒幼兒園,私立,3,下學期,全日班,50400,
民雄鄉,嘉義縣私立伊貝兒幼兒園,私立,2,上學期,全日班,50400,
民雄鄉,嘉義縣私立伊貝兒幼兒園,私立,2,下學期,全日班,50400,
大林鎮,嘉義縣私立佳禾幼兒園,私立,5,上學期,全日班,43391,7200
大林鎮,嘉義縣私立佳禾幼兒園,私立,5,下學期,全日班,43391,7200
大林鎮,嘉義縣私立佳禾幼兒園,私立,4,上學期,全日班,51300,7200
大林鎮,嘉義縣私立佳禾幼兒園,私立,4,下學期,全日班,51300,7200
大林鎮,嘉義縣私立佳禾幼兒園,私立,3,上學期,全日班,51300,7200
大林鎮,嘉義縣私立佳禾幼兒園,私立,3,下學期,全日班,51300,7200
大林鎮,嘉義縣私立佳禾幼兒園,私立,2,上學期,全日班,55500,7200
大林鎮,嘉義縣私立佳禾幼兒園,私立,2,下學期,全日班,55500,7200
竹崎鄉,嘉義縣私立優生幼兒園,私立,5,上學期,全日班,45738,4500
竹崎鄉,嘉義縣私立優生幼兒園,私立,5,下學期,全日班,45738,4500
竹崎鄉,嘉義縣私立優生幼兒園,私立,4,上學期,全日班,45738,4500
竹崎鄉,嘉義縣私立優生幼兒園,私立,4,下學期,全日班,45738,4500
竹崎鄉,嘉義縣私立優生幼兒園,私立,3,上學期,全日班,45738,4500
竹崎鄉,嘉義縣私立優生幼兒園,私立,3,下學期,全日班,45738,4500
竹崎鄉,嘉義縣私立優生幼兒園,私立,2,上學期,全日班,45738,4500
竹崎鄉,嘉義縣私立優生幼兒園,私立,2,下學期,全日班,45738,4500
中埔鄉,嘉義縣私立全美幼兒園,私立,5,上學期,全日班,44340,7200
中埔鄉,嘉義縣私立全美幼兒園,私立,5,下學期,全日班,44340,7200
中埔鄉,嘉義縣私立全美幼兒園,私立,4,上學期,全日班,44340,7200
中埔鄉,嘉義縣私立全美幼兒園,私立,4,下學期,全日班,44340,7200
中埔鄉,嘉義縣私立全美幼兒園,私立,3,上學期,全日班,44340,7200
中埔鄉,嘉義縣私立全美幼兒園,私立,3,下學期,全日班,44340,7200
中埔鄉,嘉義縣私立全美幼兒園,私立,2,上學期,全日班,44340,7200
中埔鄉,嘉義縣私立全美幼兒園,私立,2,下學期,全日班,44340,7200
中埔鄉,嘉義縣私立名人幼兒園,私立,5,上學期,全日班,49002,7200
中埔鄉,嘉義縣私立名人幼兒園,私立,5,下學期,全日班,49002,7200
中埔鄉,嘉義縣私立名人幼兒園,私立,4,上學期,全日班,53402,7200
中埔鄉,嘉義縣私立名人幼兒園,私立,4,下學期,全日班,53402,7200
中埔鄉,嘉義縣私立名人幼兒園,私立,3,上學期,全日班,53402,7200
中埔鄉,嘉義縣私立名人幼兒園,私立,3,下學期,全日班,53402,7200
中埔鄉,嘉義縣私立名人幼兒園,私立,2,上學期,全日班,57202,7200
中埔鄉,嘉義縣私立名人幼兒園,私立,2,下學期,全日班,57202,7200
太保市,嘉義縣私立哈佛幼兒園,私立,5,上學期,全日班,47850,7200
太保市,嘉義縣私立哈佛幼兒園,私立,5,下學期,全日班,47850,7200
太保市,嘉義縣私立哈佛幼兒園,私立,4,上學期,全日班,47850,7200
太保市,嘉義縣私立哈佛幼兒園,私立,4,下學期,全日班,47850,7200
太保市,嘉義縣私立哈佛幼兒園,私立,3,上學期,全日班,47850,7200
太保市,嘉義縣私立哈佛幼兒園,私立,3,下學期,全日班,47850,7200
太保市,嘉義縣私立哈佛幼兒園,私立,2,上學期,全日班,47850,7200
太保市,嘉義縣私立哈佛幼兒園,私立,2,下學期,全日班,47850,7200
民雄鄉,嘉義縣私立天心幼兒園,私立,5,上學期,全日班,45000,
民雄鄉,嘉義縣私立天心幼兒園,私立,5,下學期,全日班,45000,
民雄鄉,嘉義縣私立天心幼兒園,私立,4,上學期,全日班,45000,
民雄鄉,嘉義縣私立天心幼兒園,私立,4,下學期,全日班,45000,
民雄鄉,嘉義縣私立天心幼兒園,私立,3,上學期,全日班,45000,
民雄鄉,嘉義縣私立天心幼兒園,私立,3,下學期,全日班,45000,
新港鄉,嘉義縣私立太陽幼兒園,私立,5,上學期,全日班,40794,7200
新港鄉,嘉義縣私立太陽幼兒園,私立,5,下學期,全日班,40794,7200
新港鄉,嘉義縣私立太陽幼兒園,私立,4,上學期,全日班,40760,7200
新港鄉,嘉義縣私立太陽幼兒園,私立,4,下學期,全日班,40760,7200
新港鄉,嘉義縣私立太陽幼兒園,私立,3,上學期,全日班,40760,7200
新港鄉,嘉義縣私立太陽幼兒園,私立,3,下學期,全日班,40760,7200
新港鄉,嘉義縣私立太陽幼兒園,私立,2,上學期,全日班,40790,7200
新港鄉,嘉義縣私立太陽幼兒園,私立,2,下學期,全日班,40790,7200
竹崎鄉,嘉義縣私立學英幼兒園,私立,5,上學期,全日班,38800,
竹崎鄉,嘉義縣私立學英幼兒園,私立,5,下學期,全日班,38800,
竹崎鄉,嘉義縣私立學英幼兒園,私立,4,上學期,全日班,44800,
竹崎鄉,嘉義縣私立學英幼兒園,私立,4,下學期,全日班,44800,
竹崎鄉,嘉義縣私立學英幼兒園,私立,3,上學期,全日班,44800,
竹崎鄉,嘉義縣私立學英幼兒園,私立,3,下學期,全日班,44800,
水上鄉,嘉義縣私立寶貝王國幼兒園,私立,5,上學期,全日班,49572,4500
水上鄉,嘉義縣私立寶貝王國幼兒園,私立,5,下學期,全日班,49572,4500
水上鄉,嘉義縣私立寶貝王國幼兒園,私立,4,上學期,全日班,52472,4500
水上鄉,嘉義縣私立寶貝王國幼兒園,私立,4,下學期,全日班,52472,4500
水上鄉,嘉義縣私立寶貝王國幼兒園,私立,3,上學期,全日班,52472,4500
水上鄉,嘉義縣私立寶貝王國幼兒園,私立,3,下學期,全日班,52472,4500
水上鄉,嘉義縣私立寶貝王國幼兒園,私立,2,上學期,全日班,54872,4500
水上鄉,嘉義縣私立寶貝王國幼兒園,私立,2,下學期,全日班,54872,4500
水上鄉,嘉義縣私立幼勝幼兒園,私立,5,上學期,全日班,44829,7200
水上鄉,嘉義縣私立幼勝幼兒園,私立,5,下學期,全日班,44829,7200
水上鄉,嘉義縣私立幼勝幼兒園,私立,4,上學期,全日班,45648,7200
水上鄉,嘉義縣私立幼勝幼兒園,私立,4,下學期,全日班,45648,7200
水上鄉,嘉義縣私立幼勝幼兒園,私立,3,上學期,全日班,45648,7200
水上鄉,嘉義縣私立幼勝幼兒園,私立,3,下學期,全日班,45648,7200
水上鄉,嘉義縣私立幼勝幼兒園,私立,2,上學期,全日班,51048,7200
水上鄉,嘉義縣私立幼勝幼兒園,私立,2,下學期,全日班,51048,7200
水上鄉,嘉義縣私立幼安幼兒園,私立,5,上學期,全日班,44716,7200
水上鄉,嘉義縣私立幼安幼兒園,私立,5,下學期,全日班,44716,7200
水上鄉,嘉義縣私立幼安幼兒園,私立,4,上學期,全日班,44716,7200
水上鄉,嘉義縣私立幼安幼兒園,私立,4,下學期,全日班,44716,7200
水上鄉,嘉義縣私立幼安幼兒園,私立,3,上學期,全日班,44716,7200
水上鄉,嘉義縣私立幼安幼兒園,私立,3,下學期,全日班,44716,7200
水上鄉,嘉義縣私立幼安幼兒園,私立,2,上學期,全日班,44716,7200
水上鄉,嘉義縣私立幼安幼兒園,私立,2,下學期,全日班,44716,7200
水上鄉,嘉義縣私立幼能幼兒園,私立,5,上學期,全日班,52800,0
水上鄉,嘉義縣私立幼能幼兒園,私立,5,下學期,全日班,52800,0
水上鄉,嘉義縣私立幼能幼兒園,私立,4,上學期,全日班,52800,0
水上鄉,嘉義縣私立幼能幼兒園,私立,4,下學期,全日班,52800,0
水上鄉,嘉義縣私立幼能幼兒園,私立,3,上學期,全日班,52800,0
水上鄉,嘉義縣私立幼能幼兒園,私立,3,下學期,全日班,52800,0
水上鄉,嘉義縣私立幼能幼兒園,私立,2,上學期,全日班,52800,0
水上鄉,嘉義縣私立幼能幼兒園,私立,2,下學期,全日班,52800,0
民雄鄉,嘉義縣私立愛兒堡幼兒園,私立,5,上學期,全日班,50400,
民雄鄉,嘉義縣私立愛兒堡幼兒園,私立,5,下學期,全日班,50400,
民雄鄉,嘉義縣私立愛兒堡幼兒園,私立,4,上學期,全日班,50400,
民雄鄉,嘉義縣私立愛兒堡幼兒園,私立,4,下學期,全日班,50400,
民雄鄉,嘉義縣私立愛兒堡幼兒園,私立,3,上學期,全日班,50400,
民雄鄉,嘉義縣私立愛兒堡幼兒園,私立,3,下學期,全日班,50400,
民雄鄉,嘉義縣私立愛兒堡幼兒園,私立,2,上學期,全日班,50400,
民雄鄉,嘉義縣私立愛兒堡幼兒園,私立,2,下學期,全日班,50400,
新港鄉,嘉義縣私立愛寶兒幼兒園,私立,5,上學期,全日班,52200,
新港鄉,嘉義縣私立愛寶兒幼兒園,私立,5,下學期,全日班,52200,
新港鄉,嘉義縣私立愛寶兒幼兒園,私立,4,上學期,全日班,52200,
新港鄉,嘉義縣私立愛寶兒幼兒園,私立,4,下學期,全日班,52200,
新港鄉,嘉義縣私立愛寶兒幼兒園,私立,3,上學期,全日班,52200,
新港鄉,嘉義縣私立愛寶兒幼兒園,私立,3,下學期,全日班,52200,
新港鄉,嘉義縣私立愛寶兒幼兒園,私立,2,上學期,全日班,52200,
新港鄉,嘉義縣私立愛寶兒幼兒園,私立,2,下學期,全日班,52200,
梅山鄉,嘉義縣私立愛森堡幼兒園,私立,5,上學期,全日班,41634,7200
梅山鄉,嘉義縣私立愛森堡幼兒園,私立,5,下學期,全日班,41634,7200
梅山鄉,嘉義縣私立愛森堡幼兒園,私立,4,上學期,全日班,41634,7200
梅山鄉,嘉義縣私立愛森堡幼兒園,私立,4,下學期,全日班,41634,7200
梅山鄉,嘉義縣私立愛森堡幼兒園,私立,3,上學期,全日班,41634,7200
梅山鄉,嘉義縣私立愛森堡幼兒園,私立,3,下學期,全日班,41634,7200
梅山鄉,嘉義縣私立愛森堡幼兒園,私立,2,上學期,全日班,51534,7200
梅山鄉,嘉義縣私立愛森堡幼兒園,私立,2,下學期,全日班,51534,7200
鹿草鄉,嘉義縣私立愛迪生幼兒園,私立,5,上學期,全日班,52470,7200
鹿草鄉,嘉義縣私立愛迪生幼兒園,私立,5,下學期,全日班,52470,7200
鹿草鄉,嘉義縣私立愛迪生幼兒園,私立,4,上學期,全日班,56970,7200
鹿草鄉,嘉義縣私立愛迪生幼兒園,私立,4,下學期,全日班,56970,7200
鹿草鄉,嘉義縣私立愛迪生幼兒園,私立,3,上學期,全日班,56970,7200
鹿草鄉,嘉義縣私立愛迪生幼兒園,私立,3,下學期,全日班,56970,7200
鹿草鄉,嘉義縣私立愛迪生幼兒園,私立,2,上學期,全日班,58970,7200
鹿草鄉,嘉義縣私立愛迪生幼兒園,私立,2,下學期,全日班,58970,7200
水上鄉,嘉義縣私立慈愛幼兒園,私立,5,上學期,全日班,44442,7200
水上鄉,嘉義縣私立慈愛幼兒園,私立,5,下學期,全日班,44442,7200
水上鄉,嘉義縣私立慈愛幼兒園,私立,4,上學期,半日班,30600,7200
水上鄉,嘉義縣私立慈愛幼兒園,私立,4,上學期,全日班,44442,7200
水上鄉,嘉義縣私立慈愛幼兒園,私立,4,下學期,半日班,30600,7200
水上鄉,嘉義縣私立慈愛幼兒園,私立,4,下學期,全日班,44442,7200
水上鄉,嘉義縣私立慈愛幼兒園,私立,3,上學期,半日班,30600,7200
水上鄉,嘉義縣私立慈愛幼兒園,私立,3,上學期,全日班,44442,7200
水上鄉,嘉義縣私立慈愛幼兒園,私立,3,下學期,半日班,30600,7200
水上鄉,嘉義縣私立慈愛幼兒園,私立,3,下學期,全日班,44442,7200
水上鄉,嘉義縣私立慈愛幼兒園,私立,2,上學期,半日班,30600,7200
水上鄉,嘉義縣私立慈愛幼兒園,私立,2,上學期,全日班,44442,7200
水上鄉,嘉義縣私立慈愛幼兒園,私立,2,下學期,半日班,30600,7200
水上鄉,嘉義縣私立慈愛幼兒園,私立,2,下學期,全日班,44442,7200
新港鄉,嘉義縣私立新港安琪兒幼兒園,私立,5,上學期,全日班,52200,
新港鄉,嘉義縣私立新港安琪兒幼兒園,私立,5,下學期,全日班,52200,
新港鄉,嘉義縣私立新港安琪兒幼兒園,私立,4,上學期,全日班,52200,
新港鄉,嘉義縣私立新港安琪兒幼兒園,私立,4,下學期,全日班,52200,
新港鄉,嘉義縣私立新港安琪兒幼兒園,私立,3,上學期,全日班,52200,
新港鄉,嘉義縣私立新港安琪兒幼兒園,私立,3,下學期,全日班,52200,
新港鄉,嘉義縣私立新港安琪兒幼兒園,私立,2,上學期,全日班,52200,
新港鄉,嘉義縣私立新港安琪兒幼兒園,私立,2,下學期,全日班,52200,
中埔鄉,嘉義縣私立新藝幼兒園,私立,5,上學期,全日班,43462,7200
中埔鄉,嘉義縣私立新藝幼兒園,私立,5,下學期,全日班,43462,7200
中埔鄉,嘉義縣私立新藝幼兒園,私立,4,上學期,全日班,49662,7200
中埔鄉,嘉義縣私立新藝幼兒園,私立,4,下學期,全日班,49662,7200
中埔鄉,嘉義縣私立新藝幼兒園,私立,3,上學期,全日班,49662,7200
中埔鄉,嘉義縣私立新藝幼兒園,私立,3,下學期,全日班,49662,7200
中埔鄉,嘉義縣私立新藝幼兒園,私立,2,上學期,全日班,54462,7200
中埔鄉,嘉義縣私立新藝幼兒園,私立,2,下學期,全日班,54462,7200
大林鎮,嘉義縣私立昇學幼兒園,私立,5,上學期,半日班,38400,7200
大林鎮,嘉義縣私立昇學幼兒園,私立,5,上學期,全日班,49584,7200
大林鎮,嘉義縣私立昇學幼兒園,私立,5,下學期,半日班,38400,7200
大林鎮,嘉義縣私立昇學幼兒園,私立,5,下學期,全日班,49584,7200
大林鎮,嘉義縣私立昇學幼兒園,私立,4,上學期,半日班,39600,7200
大林鎮,嘉義縣私立昇學幼兒園,私立,4,上學期,全日班,50784,7200
大林鎮,嘉義縣私立昇學幼兒園,私立,4,下學期,半日班,39600,7200
大林鎮,嘉義縣私立昇學幼兒園,私立,4,下學期,全日班,50784,7200
大林鎮,嘉義縣私立昇學幼兒園,私立,3,上學期,半日班,39600,7200
大林鎮,嘉義縣私立昇學幼兒園,私立,3,上學期,全日班,50784,7200
大林鎮,嘉義縣私立昇學幼兒園,私立,3,下學期,半日班,39600,7200
大林鎮,嘉義縣私立昇學幼兒園,私立,3,下學期,全日班,50784,7200
大林鎮,嘉義縣私立昇學幼兒園,私立,2,上學期,半日班,40500,7200
大林鎮,嘉義縣私立昇學幼兒園,私立,2,上學期,全日班,51684,7200
大林鎮,嘉義縣私立昇學幼兒園,私立,2,下學期,半日班,40500,7200
大林鎮,嘉義縣私立昇學幼兒園,私立,2,下學期,全日班,51684,7200
太保市,嘉義縣私立明日萌幼兒園,私立,5,上學期,全日班,49242,7200
太保市,嘉義縣私立明日萌幼兒園,私立,5,下學期,全日班,49242,7200
太保市,嘉義縣私立明日萌幼兒園,私立,4,上學期,全日班,51042,0
太保市,嘉義縣私立明日萌幼兒園,私立,4,下學期,全日班,51042,0
太保市,嘉義縣私立明日萌幼兒園,私立,3,上學期,全日班,51042,0
太保市,嘉義縣私立明日萌幼兒園,私立,3,下學期,全日班,51042,0
太保市,嘉義縣私立明日萌幼兒園,私立,2,上學期,全日班,51042,0
太保市,嘉義縣私立明日萌幼兒園,私立,2,下學期,全日班,51042,0
太保市,嘉義縣私立智群幼兒園,私立,5,上學期,全日班,45610,7200
太保市,嘉義縣私立智群幼兒園,私立,5,下學期,全日班,45610,7200
太保市,嘉義縣私立智群幼兒園,私立,4,上學期,全日班,45610,7200
太保市,嘉義縣私立智群幼兒園,私立,4,下學期,全日班,45610,7200
太保市,嘉義縣私立智群幼兒園,私立,3,上學期,全日班,45610,7200
太保市,嘉義縣私立智群幼兒園,私立,3,下學期,全日班,45610,7200
太保市,嘉義縣私立智群幼兒園,私立,2,上學期,全日班,45610,7200
太保市,嘉義縣私立智群幼兒園,私立,2,下學期,全日班,45610,7200
民雄鄉,嘉義縣私立格林威爾幼兒園,私立,5,上學期,全日班,59680,
民雄鄉,嘉義縣私立格林威爾幼兒園,私立,5,下學期,全日班,59680,
民雄鄉,嘉義縣私立格林威爾幼兒園,私立,4,上學期,全日班,59680,
民雄鄉,嘉義縣私立格林威爾幼兒園,私立,4,下學期,全日班,59680,
民雄鄉,嘉義縣私立格林威爾幼兒園,私立,3,上學期,全日班,59680,
民雄鄉,嘉義縣私立格林威爾幼兒園,私立,3,下學期,全日班,59680,
民雄鄉,嘉義縣私立格林威爾幼兒園,私立,2,上學期,全日班,59680,
民雄鄉,嘉義縣私立格林威爾幼兒園,私立,2,下學期,全日班,59680,
大林鎮,嘉義縣私立欣苗幼兒園,私立,5,上學期,全日班,45444,7200
大林鎮,嘉義縣私立欣苗幼兒園,私立,5,下學期,全日班,45444,7200
大林鎮,嘉義縣私立欣苗幼兒園,私立,4,上學期,全日班,46044,7200
大林鎮,嘉義縣私立欣苗幼兒園,私立,4,下學期,全日班,46044,7200
大林鎮,嘉義縣私立欣苗幼兒園,私立,3,上學期,全日班,46044,7200
大林鎮,嘉義縣私立欣苗幼兒園,私立,3,下學期,全日班,46044,7200
大林鎮,嘉義縣私立欣苗幼兒園,私立,2,上學期,全日班,46044,7200
大林鎮,嘉義縣私立欣苗幼兒園,私立,2,下學期,全日班,46044,7200
民雄鄉,嘉義縣私立百勝幼兒園,私立,5,上學期,全日班,54006,4500
民雄鄉,嘉義縣私立百勝幼兒園,私立,5,下學期,全日班,54006,4500
民雄鄉,嘉義縣私立百勝幼兒園,私立,4,上學期,全日班,57306,4500
民雄鄉,嘉義縣私立百勝幼兒園,私立,4,下學期,全日班,57306,4500
民雄鄉,嘉義縣私立百勝幼兒園,私立,3,上學期,全日班,57306,4500
民雄鄉,嘉義縣私立百勝幼兒園,私立,3,下學期,全日班,57306,4500
民雄鄉,嘉義縣私立百勝幼兒園,私立,2,上學期,全日班,65306,4500
民雄鄉,嘉義縣私立百勝幼兒園,私立,2,下學期,全日班,65306,4500
民雄鄉,嘉義縣私立真善美幼兒園,私立,5,上學期,全日班,44780,7200
民雄鄉,嘉義縣私立真善美幼兒園,私立,5,下學期,全日班,44780,7200
民雄鄉,嘉義縣私立真善美幼兒園,私立,4,上學期,全日班,52780,7200
民雄鄉,嘉義縣私立真善美幼兒園,私立,4,下學期,全日班,52780,7200
民雄鄉,嘉義縣私立真善美幼兒園,私立,3,上學期,全日班,52780,7200
民雄鄉,嘉義縣私立真善美幼兒園,私立,3,下學期,全日班,52780,7200
民雄鄉,嘉義縣私立真善美幼兒園,私立,2,上學期,全日班,52780,7200
民雄鄉,嘉義縣私立真善美幼兒園,私立,2,下學期,全日班,52780,7200
太保市,嘉義縣私立米羅幼兒園,私立,5,上學期,全日班,40200,
太保市,嘉義縣私立米羅幼兒園,私立,5,下學期,全日班,40200,
太保市,嘉義縣私立米羅幼兒園,私立,4,上學期,全日班,47400,
太保市,嘉義縣私立米羅幼兒園,私立,4,下學期,全日班,47400,
太保市,嘉義縣私立米羅幼兒園,私立,3,上學期,全日班,47400,
太保市,嘉義縣私立米羅幼兒園,私立,3,下學期,全日班,47400,
太保市,嘉義縣私立米羅幼兒園,私立,2,上學期,全日班,47400,
太保市,嘉義縣私立米羅幼兒園,私立,2,下學期,全日班,47400,
竹崎鄉,嘉義縣私立聖愛幼兒園,私立,5,上學期,全日班,44526,7200
竹崎鄉,嘉義縣私立聖愛幼兒園,私立,5,下學期,全日班,44526,7200
竹崎鄉,嘉義縣私立聖愛幼兒園,私立,4,上學期,全日班,44526,7200
竹崎鄉,嘉義縣私立聖愛幼兒園,私立,4,下學期,全日班,44526,7200
竹崎鄉,嘉義縣私立聖愛幼兒園,私立,3,上學期,全日班,44526,7200
竹崎鄉,嘉義縣私立聖愛幼兒園,私立,3,下學期,全日班,44526,7200
竹崎鄉,嘉義縣私立聖愛幼兒園,私立,2,上學期,全日班,44526,7200
竹崎鄉,嘉義縣私立聖愛幼兒園,私立,2,下學期,全日班,44526,7200
溪口鄉,嘉義縣私立育民幼兒園,私立,5,上學期,全日班,41400,
溪口鄉,嘉義縣私立育民幼兒園,私立,5,下學期,全日班,41400,
溪口鄉,嘉義縣私立育民幼兒園,私立,4,上學期,全日班,41400,
溪口鄉,嘉義縣私立育民幼兒園,私立,4,下學期,全日班,41400,
溪口鄉,嘉義縣私立育民幼兒園,私立,3,上學期,全日班,41400,
溪口鄉,嘉義縣私立育民幼兒園,私立,3,下學期,全日班,41400,
布袋鎮,嘉義縣私立芝麻幼兒園,私立,5,上學期,全日班,38403,7200
布袋鎮,嘉義縣私立芝麻幼兒園,私立,5,下學期,全日班,38403,7200
布袋鎮,嘉義縣私立芝麻幼兒園,私立,4,上學期,全日班,42708,7200
布袋鎮,嘉義縣私立芝麻幼兒園,私立,4,下學期,全日班,42708,7200
布袋鎮,嘉義縣私立芝麻幼兒園,私立,3,上學期,全日班,42708,7200
布袋鎮,嘉義縣私立芝麻幼兒園,私立,3,下學期,全日班,42708,7200
布袋鎮,嘉義縣私立芝麻幼兒園,私立,2,上學期,全日班,42708,7200
布袋鎮,嘉義縣私立芝麻幼兒園,私立,2,下學期,全日班,42708,7200
朴子市,嘉義縣私立藍天幼兒園,私立,5,上學期,全日班,58800,
朴子市,嘉義縣私立藍天幼兒園,私立,5,下學期,全日班,58800,
朴子市,嘉義縣私立藍天幼兒園,私立,4,上學期,全日班,58800,
朴子市,嘉義縣私立藍天幼兒園,私立,4,下學期,全日班,58800,
朴子市,嘉義縣私立藍天幼兒園,私立,3,上學期,全日班,58800,
朴子市,嘉義縣私立藍天幼兒園,私立,3,下學期,全日班,58800,
朴子市,嘉義縣私立藍天幼兒園,私立,2,上學期,全日班,74800,
朴子市,嘉義縣私立藍天幼兒園,私立,2,下學期,全日班,74800,
朴子市,嘉義縣私立資優生幼兒園,私立,5,上學期,全日班,52840,4500
朴子市,嘉義縣私立資優生幼兒園,私立,5,下學期,全日班,52840,4500
朴子市,嘉義縣私立資優生幼兒園,私立,4,上學期,全日班,57000,4500
朴子市,嘉義縣私立資優生幼兒園,私立,4,下學期,全日班,57000,4500
朴子市,嘉義縣私立資優生幼兒園,私立,3,上學期,全日班,57000,4500
朴子市,嘉義縣私立資優生幼兒園,私立,3,下學期,全日班,57000,4500
朴子市,嘉義縣私立資優生幼兒園,私立,2,上學期,全日班,63640,4500
朴子市,嘉義縣私立資優生幼兒園,私立,2,下學期,全日班,63640,4500
鹿草鄉,嘉義縣私立迪士妮幼兒園,私立,5,上學期,全日班,40944,7200
鹿草鄉,嘉義縣私立迪士妮幼兒園,私立,5,下學期,全日班,40944,7200
鹿草鄉,嘉義縣私立迪士妮幼兒園,私立,4,上學期,全日班,40948,7200
鹿草鄉,嘉義縣私立迪士妮幼兒園,私立,4,下學期,全日班,40948,7200
鹿草鄉,嘉義縣私立迪士妮幼兒園,私立,3,上學期,全日班,40948,7200
鹿草鄉,嘉義縣私立迪士妮幼兒園,私立,3,下學期,全日班,40948,7200
鹿草鄉,嘉義縣私立迪士妮幼兒園,私立,2,上學期,全日班,40248,7200
鹿草鄉,嘉義縣私立迪士妮幼兒園,私立,2,下學期,全日班,40248,7200
民雄鄉,嘉義縣私立麥米羅幼兒園,私立,5,上學期,全日班,55710,
民雄鄉,嘉義縣私立麥米羅幼兒園,私立,5,下學期,全日班,55710,
民雄鄉,嘉義縣私立麥米羅幼兒園,私立,4,上學期,全日班,56310,
民雄鄉,嘉義縣私立麥米羅幼兒園,私立,4,下學期,全日班,56310,
民雄鄉,嘉義縣私立麥米羅幼兒園,私立,3,上學期,全日班,56310,
民雄鄉,嘉義縣私立麥米羅幼兒園,私立,3,下學期,全日班,56310,
民雄鄉,嘉義縣私立麥米羅幼兒園,私立,2,上學期,全日班,56310,
民雄鄉,嘉義縣私立麥米羅幼兒園,私立,2,下學期,全日班,56310,
大埔鄉,嘉義縣立大埔國民中小學附設幼兒園,公立,5,上學期,全日班,18875,
大埔鄉,嘉義縣立大埔國民中小學附設幼兒園,公立,5,下學期,全日班,16540,
大埔鄉,嘉義縣立大埔國民中小學附設幼兒園,公立,4,上學期,全日班,18875,
大埔鄉,嘉義縣立大埔國民中小學附設幼兒園,公立,4,下學期,全日班,16540,
大埔鄉,嘉義縣立大埔國民中小學附設幼兒園,公立,3,上學期,全日班,18875,
大埔鄉,嘉義縣立大埔國民中小學附設幼兒園,公立,3,下學期,全日班,16540,
大埔鄉,嘉義縣立大埔國民中小學附設幼兒園,公立,2,上學期,全日班,18875,
大埔鄉,嘉義縣立大埔國民中小學附設幼兒園,公立,2,下學期,全日班,16540,
阿里山鄉,嘉義縣立阿里山國民中小學附設幼兒園,公立,5,上學期,全日班,15525,
阿里山鄉,嘉義縣立阿里山國民中小學附設幼兒園,公立,5,下學期,全日班,15525,
阿里山鄉,嘉義縣立阿里山國民中小學附設幼兒園,公立,4,上學期,全日班,15525,
阿里山鄉,嘉義縣立阿里山國民中小學附設幼兒園,公立,4,下學期,全日班,15525,
阿里山鄉,嘉義縣立阿里山國民中小學附設幼兒園,公立,3,上學期,全日班,15525,
阿里山鄉,嘉義縣立阿里山國民中小學附設幼兒園,公立,3,下學期,全日班,15525,
阿里山鄉,嘉義縣立阿里山國民中小學附設幼兒園,公立,2,上學期,全日班,15525,
阿里山鄉,嘉義縣立阿里山國民中小學附設幼兒園,公立,2,下學期,全日班,15525,
竹崎鄉,嘉義縣竹崎鄉中和國民小學附設幼兒園,公立,5,上學期,全日班,19045,
竹崎鄉,嘉義縣竹崎鄉中和國民小學附設幼兒園,公立,5,下學期,全日班,16676,
竹崎鄉,嘉義縣竹崎鄉中和國民小學附設幼兒園,公立,4,上學期,全日班,19045,
竹崎鄉,嘉義縣竹崎鄉中和國民小學附設幼兒園,公立,4,下學期,全日班,16676,
竹崎鄉,嘉義縣竹崎鄉中和國民小學附設幼兒園,公立,3,上學期,全日班,19045,
竹崎鄉,嘉義縣竹崎鄉中和國民小學附設幼兒園,公立,3,下學期,全日班,16676,
竹崎鄉,嘉義縣竹崎鄉中興國民小學附設幼兒園,公立,5,上學期,全日班,19045,
竹崎鄉,嘉義縣竹崎鄉中興國民小學附設幼兒園,公立,5,下學期,全日班,16676,
竹崎鄉,嘉義縣竹崎鄉中興國民小學附設幼兒園,公立,4,上學期,全日班,19045,
竹崎鄉,嘉義縣竹崎鄉中興國民小學附設幼兒園,公立,4,下學期,全日班,16676,
竹崎鄉,嘉義縣竹崎鄉中興國民小學附設幼兒園,公立,3,上學期,全日班,19045,
竹崎鄉,嘉義縣竹崎鄉中興國民小學附設幼兒園,公立,3,下學期,全日班,16676,
竹崎鄉,嘉義縣竹崎鄉中興國民小學附設幼兒園,公立,2,上學期,全日班,19045,
竹崎鄉,嘉義縣竹崎鄉中興國民小學附設幼兒園,公立,2,下學期,全日班,16676,
竹崎鄉,嘉義縣竹崎鄉光華國民小學附設幼兒園,公立,5,上學期,全日班,17375,
竹崎鄉,嘉義縣竹崎鄉光華國民小學附設幼兒園,公立,5,下學期,全日班,15340,
竹崎鄉,嘉義縣竹崎鄉光華國民小學附設幼兒園,公立,4,上學期,全日班,17375,
竹崎鄉,嘉義縣竹崎鄉光華國民小學附設幼兒園,公立,4,下學期,全日班,15340,
竹崎鄉,嘉義縣竹崎鄉光華國民小學附設幼兒園,公立,3,上學期,全日班,17375,
竹崎鄉,嘉義縣竹崎鄉光華國民小學附設幼兒園,公立,3,下學期,全日班,15340,
竹崎鄉,嘉義縣竹崎鄉內埔國民小學附設幼兒園,公立,5,上學期,半日班,15875,
竹崎鄉,嘉義縣竹崎鄉內埔國民小學附設幼兒園,公立,5,上學期,全日班,17625,
竹崎鄉,嘉義縣竹崎鄉內埔國民小學附設幼兒園,公立,5,下學期,半日班,14140,
竹崎鄉,嘉義縣竹崎鄉內埔國民小學附設幼兒園,公立,5,下學期,全日班,15540,
竹崎鄉,嘉義縣竹崎鄉內埔國民小學附設幼兒園,公立,4,上學期,半日班,15875,
竹崎鄉,嘉義縣竹崎鄉內埔國民小學附設幼兒園,公立,4,上學期,全日班,17625,
竹崎鄉,嘉義縣竹崎鄉內埔國民小學附設幼兒園,公立,4,下學期,半日班,14140,
竹崎鄉,嘉義縣竹崎鄉內埔國民小學附設幼兒園,公立,4,下學期,全日班,15540,
竹崎鄉,嘉義縣竹崎鄉內埔國民小學附設幼兒園,公立,3,上學期,半日班,15875,
竹崎鄉,嘉義縣竹崎鄉內埔國民小學附設幼兒園,公立,3,上學期,全日班,17625,
竹崎鄉,嘉義縣竹崎鄉內埔國民小學附設幼兒園,公立,3,下學期,半日班,14140,
竹崎鄉,嘉義縣竹崎鄉內埔國民小學附設幼兒園,公立,3,下學期,全日班,15540,
竹崎鄉,嘉義縣竹崎鄉立竹崎幼兒園,公立,5,上學期,全日班,21479,0
竹崎鄉,嘉義縣竹崎鄉立竹崎幼兒園,公立,5,下學期,全日班,21479,0
竹崎鄉,嘉義縣竹崎鄉立竹崎幼兒園,公立,4,上學期,全日班,21479,0
竹崎鄉,嘉義縣竹崎鄉立竹崎幼兒園,公立,4,下學期,全日班,21479,0
竹崎鄉,嘉義縣竹崎鄉立竹崎幼兒園,公立,3,上學期,全日班,21479,0
竹崎鄉,嘉義縣竹崎鄉立竹崎幼兒園,公立,3,下學期,全日班,21479,0
竹崎鄉,嘉義縣竹崎鄉立竹崎幼兒園,公立,2,上學期,全日班,21479,
竹崎鄉,嘉義縣竹崎鄉立竹崎幼兒園,公立,2,下學期,全日班,21479,
竹崎鄉,嘉義縣竹崎鄉鹿滿國民小學附設幼兒園,公立,5,上學期,半日班,17625,0
竹崎鄉,嘉義縣竹崎鄉鹿滿國民小學附設幼兒園,公立,5,上學期,全日班,17625,0
竹崎鄉,嘉義縣竹崎鄉鹿滿國民小學附設幼兒園,公立,5,下學期,半日班,15540,0
竹崎鄉,嘉義縣竹崎鄉鹿滿國民小學附設幼兒園,公立,5,下學期,全日班,15540,0
竹崎鄉,嘉義縣竹崎鄉鹿滿國民小學附設幼兒園,公立,4,上學期,半日班,17625,0
竹崎鄉,嘉義縣竹崎鄉鹿滿國民小學附設幼兒園,公立,4,上學期,全日班,17625,0
竹崎鄉,嘉義縣竹崎鄉鹿滿國民小學附設幼兒園,公立,4,下學期,半日班,15540,0
竹崎鄉,嘉義縣竹崎鄉鹿滿國民小學附設幼兒園,公立,4,下學期,全日班,15540,0
竹崎鄉,嘉義縣竹崎鄉鹿滿國民小學附設幼兒園,公立,3,上學期,半日班,17625,0
竹崎鄉,嘉義縣竹崎鄉鹿滿國民小學附設幼兒園,公立,3,上學期,全日班,17625,0
竹崎鄉,嘉義縣竹崎鄉鹿滿國民小學附設幼兒園,公立,3,下學期,半日班,15540,0
竹崎鄉,嘉義縣竹崎鄉鹿滿國民小學附設幼兒園,公立,3,下學期,全日班,15540,0
竹崎鄉,嘉義縣竹崎鄉鹿滿國民小學附設幼兒園,公立,2,上學期,半日班,17625,0
竹崎鄉,嘉義縣竹崎鄉鹿滿國民小學附設幼兒園,公立,2,上學期,全日班,17625,0
竹崎鄉,嘉義縣竹崎鄉鹿滿國民小學附設幼兒園,公立,2,下學期,半日班,15540,0
竹崎鄉,嘉義縣竹崎鄉鹿滿國民小學附設幼兒園,公立,2,下學期,全日班,15540,0
竹崎鄉,嘉義縣竹崎鄉龍山國民小學附設幼兒園,公立,5,上學期,全日班,17185,
竹崎鄉,嘉義縣竹崎鄉龍山國民小學附設幼兒園,公立,5,下學期,全日班,17185,
竹崎鄉,嘉義縣竹崎鄉龍山國民小學附設幼兒園,公立,4,上學期,全日班,17185,
竹崎鄉,嘉義縣竹崎鄉龍山國民小學附設幼兒園,公立,4,下學期,全日班,17185,
竹崎鄉,嘉義縣竹崎鄉龍山國民小學附設幼兒園,公立,3,上學期,全日班,17185,
竹崎鄉,嘉義縣竹崎鄉龍山國民小學附設幼兒園,公立,3,下學期,全日班,17185,
義竹鄉,嘉義縣義竹鄉光榮國民小學附設幼兒園,公立,5,上學期,全日班,17125,
義竹鄉,嘉義縣義竹鄉光榮國民小學附設幼兒園,公立,5,下學期,全日班,15140,
義竹鄉,嘉義縣義竹鄉光榮國民小學附設幼兒園,公立,4,上學期,全日班,17125,
義竹鄉,嘉義縣義竹鄉光榮國民小學附設幼兒園,公立,4,下學期,全日班,15140,
義竹鄉,嘉義縣義竹鄉光榮國民小學附設幼兒園,公立,3,上學期,全日班,17125,
義竹鄉,嘉義縣義竹鄉光榮國民小學附設幼兒園,公立,3,下學期,全日班,15140,
義竹鄉,嘉義縣義竹鄉光榮國民小學附設幼兒園,公立,2,上學期,全日班,17125,
義竹鄉,嘉義縣義竹鄉光榮國民小學附設幼兒園,公立,2,下學期,全日班,15140,
義竹鄉,嘉義縣義竹鄉南興國民小學附設幼兒園,公立,5,上學期,全日班,16425,
義竹鄉,嘉義縣義竹鄉南興國民小學附設幼兒園,公立,5,下學期,全日班,14580,
義竹鄉,嘉義縣義竹鄉南興國民小學附設幼兒園,公立,4,上學期,全日班,16425,
義竹鄉,嘉義縣義竹鄉南興國民小學附設幼兒園,公立,4,下學期,全日班,14580,
義竹鄉,嘉義縣義竹鄉南興國民小學附設幼兒園,公立,3,上學期,全日班,16425,
義竹鄉,嘉義縣義竹鄉南興國民小學附設幼兒園,公立,3,下學期,全日班,14580,
義竹鄉,嘉義縣義竹鄉南興國民小學附設幼兒園,公立,2,上學期,全日班,16425,
義竹鄉,嘉義縣義竹鄉南興國民小學附設幼兒園,公立,2,下學期,全日班,14580,
義竹鄉,嘉義縣義竹鄉南興國民小學附設幼兒園東華分班,公立,5,上學期,全日班,16425,
義竹鄉,嘉義縣義竹鄉南興國民小學附設幼兒園東華分班,公立,5,下學期,全日班,14580,
義竹鄉,嘉義縣義竹鄉南興國民小學附設幼兒園東華分班,公立,4,上學期,全日班,16425,
義竹鄉,嘉義縣義竹鄉南興國民小學附設幼兒園東華分班,公立,4,下學期,全日班,14580,
義竹鄉,嘉義縣義竹鄉南興國民小學附設幼兒園東華分班,公立,3,上學期,全日班,16425,
義竹鄉,嘉義縣義竹鄉南興國民小學附設幼兒園東華分班,公立,3,下學期,全日班,14580,
義竹鄉,嘉義縣義竹鄉南興國民小學附設幼兒園東華分班,公立,2,上學期,全日班,16425,
義竹鄉,嘉義縣義竹鄉南興國民小學附設幼兒園東華分班,公立,2,下學期,全日班,14580,
義竹鄉,嘉義縣義竹鄉和順國民小學附設幼兒園,公立,5,上學期,全日班,15375,
義竹鄉,嘉義縣義竹鄉和順國民小學附設幼兒園,公立,5,下學期,全日班,13740,
義竹鄉,嘉義縣義竹鄉和順國民小學附設幼兒園,公立,4,上學期,全日班,15375,
義竹鄉,嘉義縣義竹鄉和順國民小學附設幼兒園,公立,4,下學期,全日班,13740,
義竹鄉,嘉義縣義竹鄉和順國民小學附設幼兒園,公立,3,上學期,全日班,15375,
義竹鄉,嘉義縣義竹鄉和順國民小學附設幼兒園,公立,3,下學期,全日班,13740,
義竹鄉,嘉義縣義竹鄉義竹國民小學附設幼兒園,公立,5,上學期,全日班,17231,
義竹鄉,嘉義縣義竹鄉義竹國民小學附設幼兒園,公立,5,下學期,全日班,17231,
義竹鄉,嘉義縣義竹鄉義竹國民小學附設幼兒園,公立,4,上學期,全日班,17231,
義竹鄉,嘉義縣義竹鄉義竹國民小學附設幼兒園,公立,4,下學期,全日班,17231,
義竹鄉,嘉義縣義竹鄉義竹國民小學附設幼兒園,公立,3,上學期,全日班,17231,
義竹鄉,嘉義縣義竹鄉義竹國民小學附設幼兒園,公立,3,下學期,全日班,17231,
義竹鄉,嘉義縣義竹鄉義竹國民小學附設幼兒園,公立,2,上學期,全日班,17231,
義竹鄉,嘉義縣義竹鄉義竹國民小學附設幼兒園,公立,2,下學期,全日班,17231,
義竹鄉,嘉義縣義竹鄉農會附設嘉義縣私立義竹幼兒園,私立,5,上學期,全日班,33678,7200
義竹鄉,嘉義縣義竹鄉農會附設嘉義縣私立義竹幼兒園,私立,5,下學期,全日班,33678,7200
義竹鄉,嘉義縣義竹鄉農會附設嘉義縣私立義竹幼兒園,私立,4,上學期,全日班,33678,7200
義竹鄉,嘉義縣義竹鄉農會附設嘉義縣私立義竹幼兒園,私立,4,下學期,全日班,33678,7200
義竹鄉,嘉義縣義竹鄉農會附設嘉義縣私立義竹幼兒園,私立,3,上學期,全日班,33678,7200
義竹鄉,嘉義縣義竹鄉農會附設嘉義縣私立義竹幼兒園,私立,3,下學期,全日班,33678,7200
義竹鄉,嘉義縣義竹鄉農會附設嘉義縣私立義竹幼兒園,私立,2,上學期,全日班,33678,7200
義竹鄉,嘉義縣義竹鄉農會附設嘉義縣私立義竹幼兒園,私立,2,下學期,全日班,33678,7200
義竹鄉,嘉義縣義竹鄉過路國民小學附設幼兒園,公立,5,上學期,半日班,13625,
義竹鄉,嘉義縣義竹鄉過路國民小學附設幼兒園,公立,5,上學期,全日班,16375,
義竹鄉,嘉義縣義竹鄉過路國民小學附設幼兒園,公立,5,下學期,半日班,12340,
義竹鄉,嘉義縣義竹鄉過路國民小學附設幼兒園,公立,5,下學期,全日班,14540,
義竹鄉,嘉義縣義竹鄉過路國民小學附設幼兒園,公立,4,上學期,半日班,13625,
義竹鄉,嘉義縣義竹鄉過路國民小學附設幼兒園,公立,4,上學期,全日班,16375,
義竹鄉,嘉義縣義竹鄉過路國民小學附設幼兒園,公立,4,下學期,半日班,12340,
義竹鄉,嘉義縣義竹鄉過路國民小學附設幼兒園,公立,4,下學期,全日班,14540,
義竹鄉,嘉義縣義竹鄉過路國民小學附設幼兒園,公立,3,上學期,半日班,13625,
義竹鄉,嘉義縣義竹鄉過路國民小學附設幼兒園,公立,3,上學期,全日班,16375,
義竹鄉,嘉義縣義竹鄉過路國民小學附設幼兒園,公立,3,下學期,半日班,12340,
義竹鄉,嘉義縣義竹鄉過路國民小學附設幼兒園,公立,3,下學期,全日班,14540,
義竹鄉,嘉義縣義竹鄉過路國民小學附設幼兒園,公立,2,上學期,半日班,13625,
義竹鄉,嘉義縣義竹鄉過路國民小學附設幼兒園,公立,2,上學期,全日班,16375,
義竹鄉,嘉義縣義竹鄉過路國民小學附設幼兒園,公立,2,下學期,半日班,12340,
義竹鄉,嘉義縣義竹鄉過路國民小學附設幼兒園,公立,2,下學期,全日班,14540,
阿里山鄉,嘉義縣豐山實驗教育學校附設幼兒園,公立,5,上學期,全日班,17125,
阿里山鄉,嘉義縣豐山實驗教育學校附設幼兒園,公立,5,下學期,全日班,15140,
阿里山鄉,嘉義縣豐山實驗教育學校附設幼兒園,公立,4,上學期,全日班,17125,
阿里山鄉,嘉義縣豐山實驗教育學校附設幼兒園,公立,4,下學期,全日班,15140,
阿里山鄉,嘉義縣豐山實驗教育學校附設幼兒園,公立,3,上學期,全日班,17125,
阿里山鄉,嘉義縣豐山實驗教育學校附設幼兒園,公立,3,下學期,全日班,15140,
阿里山鄉,嘉義縣豐山實驗教育學校附設幼兒園,公立,2,上學期,全日班,17125,
阿里山鄉,嘉義縣豐山實驗教育學校附設幼兒園,公立,2,下學期,全日班,15140,
阿里山鄉,嘉義縣阿里山鄉十字國民小學附設幼兒園,公立,5,上學期,全日班,16875,
阿里山鄉,嘉義縣阿里山鄉十字國民小學附設幼兒園,公立,5,下學期,全日班,14940,
阿里山鄉,嘉義縣阿里山鄉十字國民小學附設幼兒園,公立,4,上學期,全日班,16875,
阿里山鄉,嘉義縣阿里山鄉十字國民小學附設幼兒園,公立,4,下學期,全日班,14940,
阿里山鄉,嘉義縣阿里山鄉十字國民小學附設幼兒園,公立,3,上學期,全日班,16875,
阿里山鄉,嘉義縣阿里山鄉十字國民小學附設幼兒園,公立,3,下學期,全日班,14940,
阿里山鄉,嘉義縣阿里山鄉十字國民小學附設幼兒園,公立,2,上學期,全日班,16875,
阿里山鄉,嘉義縣阿里山鄉十字國民小學附設幼兒園,公立,2,下學期,全日班,14940,
阿里山鄉,嘉義縣阿里山鄉山美國民小學附設幼兒園,公立,5,上學期,半日班,12375,
阿里山鄉,嘉義縣阿里山鄉山美國民小學附設幼兒園,公立,5,上學期,全日班,17625,
阿里山鄉,嘉義縣阿里山鄉山美國民小學附設幼兒園,公立,5,下學期,半日班,11340,
阿里山鄉,嘉義縣阿里山鄉山美國民小學附設幼兒園,公立,5,下學期,全日班,15540,
阿里山鄉,嘉義縣阿里山鄉山美國民小學附設幼兒園,公立,4,上學期,半日班,12375,
阿里山鄉,嘉義縣阿里山鄉山美國民小學附設幼兒園,公立,4,上學期,全日班,17625,
阿里山鄉,嘉義縣阿里山鄉山美國民小學附設幼兒園,公立,4,下學期,半日班,11340,
阿里山鄉,嘉義縣阿里山鄉山美國民小學附設幼兒園,公立,4,下學期,全日班,15540,
阿里山鄉,嘉義縣阿里山鄉山美國民小學附設幼兒園,公立,3,上學期,半日班,12375,
阿里山鄉,嘉義縣阿里山鄉山美國民小學附設幼兒園,公立,3,上學期,全日班,17625,
阿里山鄉,嘉義縣阿里山鄉山美國民小學附設幼兒園,公立,3,下學期,半日班,11340,
阿里山鄉,嘉義縣阿里山鄉山美國民小學附設幼兒園,公立,3,下學期,全日班,15540,
阿里山鄉,嘉義縣阿里山鄉山美國民小學附設幼兒園,公立,2,上學期,半日班,12375,
阿里山鄉,嘉義縣阿里山鄉山美國民小學附設幼兒園,公立,2,上學期,全日班,17625,
阿里山鄉,嘉義縣阿里山鄉山美國民小學附設幼兒園,公立,2,下學期,半日班,11340,
阿里山鄉,嘉義縣阿里山鄉山美國民小學附設幼兒園,公立,2,下學期,全日班,15540,
阿里山鄉,嘉義縣阿里山鄉立阿里山幼兒園,公立,5,上學期,全日班,16150,
阿里山鄉,嘉義縣阿里山鄉立阿里山幼兒園,公立,5,下學期,全日班,16150,
阿里山鄉,嘉義縣阿里山鄉立阿里山幼兒園,公立,4,上學期,全日班,16150,
阿里山鄉,嘉義縣阿里山鄉立阿里山幼兒園,公立,4,下學期,全日班,16150,
阿里山鄉,嘉義縣阿里山鄉立阿里山幼兒園,公立,3,上學期,全日班,16150,
阿里山鄉,嘉義縣阿里山鄉立阿里山幼兒園,公立,3,下學期,全日班,16150,
阿里山鄉,嘉義縣阿里山鄉立阿里山幼兒園,公立,2,上學期,全日班,16150,
阿里山鄉,嘉義縣阿里山鄉立阿里山幼兒園,公立,2,下學期,全日班,16150,
阿里山鄉,嘉義縣阿里山鄉立阿里山幼兒園來吉分班,公立,5,上學期,全日班,16150,
阿里山鄉,嘉義縣阿里山鄉立阿里山幼兒園來吉分班,公立,5,下學期,全日班,16150,
阿里山鄉,嘉義縣阿里山鄉立阿里山幼兒園來吉分班,公立,4,上學期,全日班,16150,
阿里山鄉,嘉義縣阿里山鄉立阿里山幼兒園來吉分班,公立,4,下學期,全日班,16150,
阿里山鄉,嘉義縣阿里山鄉立阿里山幼兒園來吉分班,公立,3,上學期,全日班,16150,
阿里山鄉,嘉義縣阿里山鄉立阿里山幼兒園來吉分班,公立,3,下學期,全日班,16150,
阿里山鄉,嘉義縣阿里山鄉茶山國民小學附設幼兒園,公立,5,上學期,全日班,19045,
阿里山鄉,嘉義縣阿里山鄉茶山國民小學附設幼兒園,公立,5,下學期,全日班,16676,
阿里山鄉,嘉義縣阿里山鄉茶山國民小學附設幼兒園,公立,4,上學期,全日班,19045,
阿里山鄉,嘉義縣阿里山鄉茶山國民小學附設幼兒園,公立,4,下學期,全日班,16676,
阿里山鄉,嘉義縣阿里山鄉茶山國民小學附設幼兒園,公立,3,上學期,全日班,19045,
阿里山鄉,嘉義縣阿里山鄉茶山國民小學附設幼兒園,公立,3,下學期,全日班,16676,
阿里山鄉,嘉義縣阿里山鄉茶山國民小學附設幼兒園,公立,2,上學期,全日班,19045,
阿里山鄉,嘉義縣阿里山鄉茶山國民小學附設幼兒園,公立,2,下學期,全日班,16676,
阿里山鄉,嘉義縣阿里山鄉達邦國民小學附設幼兒園,公立,5,上學期,全日班,19145,
阿里山鄉,嘉義縣阿里山鄉達邦國民小學附設幼兒園,公立,5,下學期,全日班,16756,
阿里山鄉,嘉義縣阿里山鄉達邦國民小學附設幼兒園,公立,4,上學期,全日班,19145,
阿里山鄉,嘉義縣阿里山鄉達邦國民小學附設幼兒園,公立,4,下學期,全日班,16756,
阿里山鄉,嘉義縣阿里山鄉達邦國民小學附設幼兒園,公立,3,上學期,全日班,19145,
阿里山鄉,嘉義縣阿里山鄉達邦國民小學附設幼兒園,公立,3,下學期,全日班,16756,
阿里山鄉,嘉義縣阿里山鄉達邦國民小學附設幼兒園,公立,2,上學期,全日班,19145,
阿里山鄉,嘉義縣阿里山鄉達邦國民小學附設幼兒園,公立,2,下學期,全日班,16756,
阿里山鄉,嘉義縣阿里山鄉達邦國民小學附設幼兒園里佳分班,公立,5,上學期,全日班,19145,
阿里山鄉,嘉義縣阿里山鄉達邦國民小學附設幼兒園里佳分班,公立,5,下學期,全日班,16756,
阿里山鄉,嘉義縣阿里山鄉達邦國民小學附設幼兒園里佳分班,公立,4,上學期,全日班,19145,
阿里山鄉,嘉義縣阿里山鄉達邦國民小學附設幼兒園里佳分班,公立,4,下學期,全日班,16756,
阿里山鄉,嘉義縣阿里山鄉達邦國民小學附設幼兒園里佳分班,公立,3,上學期,全日班,19145,
阿里山鄉,嘉義縣阿里山鄉達邦國民小學附設幼兒園里佳分班,公立,3,下學期,全日班,16756,
阿里山鄉,嘉義縣阿里山鄉達邦國民小學附設幼兒園里佳分班,公立,2,上學期,全日班,19145,
阿里山鄉,嘉義縣阿里山鄉達邦國民小學附設幼兒園里佳分班,公立,2,下學期,全日班,16756,
阿里山鄉,嘉義縣阿里山鄉香林國民小學附設幼兒園,公立,5,上學期,全日班,17850,
阿里山鄉,嘉義縣阿里山鄉香林國民小學附設幼兒園,公立,5,下學期,全日班,15720,
阿里山鄉,嘉義縣阿里山鄉香林國民小學附設幼兒園,公立,4,上學期,全日班,17850,
阿里山鄉,嘉義縣阿里山鄉香林國民小學附設幼兒園,公立,4,下學期,全日班,15720,
阿里山鄉,嘉義縣阿里山鄉香林國民小學附設幼兒園,公立,3,上學期,全日班,17850,
阿里山鄉,嘉義縣阿里山鄉香林國民小學附設幼兒園,公立,3,下學期,全日班,15720,
鹿草鄉,嘉義縣鹿草鄉下潭國民小學附設幼兒園,公立,5,上學期,全日班,16625,
鹿草鄉,嘉義縣鹿草鄉下潭國民小學附設幼兒園,公立,5,下學期,全日班,14740,
鹿草鄉,嘉義縣鹿草鄉下潭國民小學附設幼兒園,公立,4,上學期,全日班,16625,
鹿草鄉,嘉義縣鹿草鄉下潭國民小學附設幼兒園,公立,4,下學期,全日班,14740,
鹿草鄉,嘉義縣鹿草鄉下潭國民小學附設幼兒園,公立,3,上學期,全日班,16625,
鹿草鄉,嘉義縣鹿草鄉下潭國民小學附設幼兒園,公立,3,下學期,全日班,14740,
鹿草鄉,嘉義縣鹿草鄉下潭國民小學附設幼兒園,公立,2,上學期,全日班,16625,
鹿草鄉,嘉義縣鹿草鄉下潭國民小學附設幼兒園,公立,2,下學期,全日班,14740,
鹿草鄉,嘉義縣鹿草鄉後塘國民小學附設幼兒園,公立,5,上學期,全日班,16875,
鹿草鄉,嘉義縣鹿草鄉後塘國民小學附設幼兒園,公立,5,下學期,全日班,14940,
鹿草鄉,嘉義縣鹿草鄉後塘國民小學附設幼兒園,公立,4,上學期,全日班,16875,
鹿草鄉,嘉義縣鹿草鄉後塘國民小學附設幼兒園,公立,4,下學期,全日班,14940,
鹿草鄉,嘉義縣鹿草鄉後塘國民小學附設幼兒園,公立,3,上學期,全日班,16875,
鹿草鄉,嘉義縣鹿草鄉後塘國民小學附設幼兒園,公立,3,下學期,全日班,14940,
鹿草鄉,嘉義縣鹿草鄉後塘國民小學附設幼兒園,公立,2,上學期,全日班,16875,
鹿草鄉,嘉義縣鹿草鄉後塘國民小學附設幼兒園,公立,2,下學期,全日班,14940,
鹿草鄉,嘉義縣鹿草鄉鹿草國民小學附設幼兒園,公立,5,上學期,全日班,16875,
鹿草鄉,嘉義縣鹿草鄉鹿草國民小學附設幼兒園,公立,5,下學期,全日班,14940,
鹿草鄉,嘉義縣鹿草鄉鹿草國民小學附設幼兒園,公立,4,上學期,全日班,16875,
鹿草鄉,嘉義縣鹿草鄉鹿草國民小學附設幼兒園,公立,4,下學期,全日班,14940,
鹿草鄉,嘉義縣鹿草鄉鹿草國民小學附設幼兒園,公立,3,上學期,全日班,16875,
鹿草鄉,嘉義縣鹿草鄉鹿草國民小學附設幼兒園,公立,3,下學期,全日班,14940,
鹿草鄉,嘉義縣鹿草鄉鹿草國民小學附設幼兒園,公立,2,上學期,全日班,16875,
鹿草鄉,嘉義縣鹿草鄉鹿草國民小學附設幼兒園,公立,2,下學期,全日班,14940,
大林鎮,財團法人中華民國佛教慈濟慈善事業基金會附設嘉義縣私立大林大愛幼兒園,私立,5,上學期,全日班,48500,
大林鎮,財團法人中華民國佛教慈濟慈善事業基金會附設嘉義縣私立大林大愛幼兒園,私立,5,下學期,全日班,48500,
大林鎮,財團法人中華民國佛教慈濟慈善事業基金會附設嘉義縣私立大林大愛幼兒園,私立,4,上學期,全日班,48500,
大林鎮,財團法人中華民國佛教慈濟慈善事業基金會附設嘉義縣私立大林大愛幼兒園,私立,4,下學期,全日班,48500,
大林鎮,財團法人中華民國佛教慈濟慈善事業基金會附設嘉義縣私立大林大愛幼兒園,私立,3,上學期,全日班,48500,
大林鎮,財團法人中華民國佛教慈濟慈善事業基金會附設嘉義縣私立大林大愛幼兒園,私立,3,下學期,全日班,48500,
大林鎮,財團法人中華民國佛教慈濟慈善事業基金會附設嘉義縣私立大林大愛幼兒園,私立,2,上學期,全日班,51500,
大林鎮,財團法人中華民國佛教慈濟慈善事業基金會附設嘉義縣私立大林大愛幼兒園,私立,2,下學期,全日班,51500,
新港鄉,財團法人嘉義縣私立聖光幼兒園,私立,5,上學期,全日班,39730,7200
新港鄉,財團法人嘉義縣私立聖光幼兒園,私立,5,下學期,全日班,39730,7200
新港鄉,財團法人嘉義縣私立聖光幼兒園,私立,4,上學期,全日班,40330,7200
新港鄉,財團法人嘉義縣私立聖光幼兒園,私立,4,下學期,全日班,40330,7200
新港鄉,財團法人嘉義縣私立聖光幼兒園,私立,3,上學期,全日班,40330,7200
新港鄉,財團法人嘉義縣私立聖光幼兒園,私立,3,下學期,全日班,40330,7200
新港鄉,財團法人嘉義縣私立聖光幼兒園,私立,2,上學期,全日班,40330,7200
新港鄉,財團法人嘉義縣私立聖光幼兒園,私立,2,下學期,全日班,40330,7200
義竹鄉,財團法人天主教會嘉義教區附設嘉義縣私立星海幼兒園,私立,5,上學期,全日班,42690,7200
義竹鄉,財團法人天主教會嘉義教區附設嘉義縣私立星海幼兒園,私立,5,下學期,全日班,42690,7200
義竹鄉,財團法人天主教會嘉義教區附設嘉義縣私立星海幼兒園,私立,4,上學期,全日班,45690,7200
義竹鄉,財團法人天主教會嘉義教區附設嘉義縣私立星海幼兒園,私立,4,下學期,全日班,45690,7200
義竹鄉,財團法人天主教會嘉義教區附設嘉義縣私立星海幼兒園,私立,3,上學期,全日班,45690,7200
義竹鄉,財團法人天主教會嘉義教區附設嘉義縣私立星海幼兒園,私立,3,下學期,全日班,45690,7200
義竹鄉,財團法人天主教會嘉義教區附設嘉義縣私立星海幼兒園,私立,2,上學期,全日班,48090,7200
義竹鄉,財團法人天主教會嘉義教區附設嘉義縣私立星海幼兒園,私立,2,下學期,全日班,48090,7200
朴子市,財團法人天主教會嘉義教區附設嘉義縣私立曉明幼兒園,私立,5,上學期,全日班,48568,7200
朴子市,財團法人天主教會嘉義教區附設嘉義縣私立曉明幼兒園,私立,5,下學期,全日班,48568,7200
朴子市,財團法人天主教會嘉義教區附設嘉義縣私立曉明幼兒園,私立,4,上學期,全日班,48568,7200
朴子市,財團法人天主教會嘉義教區附設嘉義縣私立曉明幼兒園,私立,4,下學期,全日班,48568,7200
朴子市,財團法人天主教會嘉義教區附設嘉義縣私立曉明幼兒園,私立,3,上學期,全日班,48568,7200
朴子市,財團法人天主教會嘉義教區附設嘉義縣私立曉明幼兒園,私立,3,下學期,全日班,48568,7200
朴子市,財團法人天主教會嘉義教區附設嘉義縣私立曉明幼兒園,私立,2,上學期,全日班,48568,7200
朴子市,財團法人天主教會嘉義教區附設嘉義縣私立曉明幼兒園,私立,2,下學期,全日班,48568,7200
竹崎鄉,財團法人天主教會嘉義教區附設嘉義縣私立聖嬰幼兒園,私立,5,上學期,全日班,42092,7200
竹崎鄉,財團法人天主教會嘉義教區附設嘉義縣私立聖嬰幼兒園,私立,5,下學期,全日班,42092,7200
竹崎鄉,財團法人天主教會嘉義教區附設嘉義縣私立聖嬰幼兒園,私立,4,上學期,全日班,45792,7200
竹崎鄉,財團法人天主教會嘉義教區附設嘉義縣私立聖嬰幼兒園,私立,4,下學期,全日班,45792,7200
竹崎鄉,財團法人天主教會嘉義教區附設嘉義縣私立聖嬰幼兒園,私立,3,上學期,全日班,45792,7200
竹崎鄉,財團法人天主教會嘉義教區附設嘉義縣私立聖嬰幼兒園,私立,3,下學期,全日班,45792,7200
竹崎鄉,財團法人天主教會嘉義教區附設嘉義縣私立聖嬰幼兒園,私立,2,上學期,全日班,45792,7200
竹崎鄉,財團法人天主教會嘉義教區附設嘉義縣私立聖嬰幼兒園,私立,2,下學期,全日班,45792,7200
新港鄉,財團法人天主教會嘉義教區附設嘉義縣私立震旦幼兒園,私立,5,上學期,全日班,40342,7200
新港鄉,財團法人天主教會嘉義教區附設嘉義縣私立震旦幼兒園,私立,5,下學期,全日班,40342,7200
新港鄉,財團法人天主教會嘉義教區附設嘉義縣私立震旦幼兒園,私立,4,上學期,全日班,42342,7200
新港鄉,財團法人天主教會嘉義教區附設嘉義縣私立震旦幼兒園,私立,4,下學期,全日班,42342,7200
新港鄉,財團法人天主教會嘉義教區附設嘉義縣私立震旦幼兒園,私立,3,上學期,全日班,42342,7200
新港鄉,財團法人天主教會嘉義教區附設嘉義縣私立震旦幼兒園,私立,3,下學期,全日班,42342,7200
新港鄉,財團法人天主教會嘉義教區附設嘉義縣私立震旦幼兒園,私立,2,上學期,全日班,42342,7200
新港鄉,財團法人天主教會嘉義教區附設嘉義縣私立震旦幼兒園,私立,2,下學期,全日班,42342,7200
朴子市,財團法人朴子高明寺附設嘉義縣私立高明幼兒園,私立,5,上學期,全日班,42738,7200
朴子市,財團法人朴子高明寺附設嘉義縣私立高明幼兒園,私立,5,下學期,全日班,42738,7200
朴子市,財團法人朴子高明寺附設嘉義縣私立高明幼兒園,私立,4,上學期,全日班,42742,7200
朴子市,財團法人朴子高明寺附設嘉義縣私立高明幼兒園,私立,4,下學期,全日班,42742,7200
朴子市,財團法人朴子高明寺附設嘉義縣私立高明幼兒園,私立,3,上學期,全日班,42742,7200
朴子市,財團法人朴子高明寺附設嘉義縣私立高明幼兒園,私立,3,下學期,全日班,42742,7200
朴子市,財團法人朴子高明寺附設嘉義縣私立高明幼兒園,私立,2,上學期,全日班,45742,7200
朴子市,財團法人朴子高明寺附設嘉義縣私立高明幼兒園,私立,2,下學期,全日班,45742,7200
民雄鄉,財團法人臺灣省嘉義縣私立協同高級中學附設嘉義縣私立協同幼兒園,私立,5,上學期,全日班,63360,
民雄鄉,財團法人臺灣省嘉義縣私立協同高級中學附設嘉義縣私立協同幼兒園,私立,5,下學期,全日班,63360,
民雄鄉,財團法人臺灣省嘉義縣私立協同高級中學附設嘉義縣私立協同幼兒園,私立,4,上學期,全日班,63360,
民雄鄉,財團法人臺灣省嘉義縣私立協同高級中學附設嘉義縣私立協同幼兒園,私立,4,下學期,全日班,63360,
民雄鄉,財團法人臺灣省嘉義縣私立協同高級中學附設嘉義縣私立協同幼兒園,私立,3,上學期,全日班,63360,
民雄鄉,財團法人臺灣省嘉義縣私立協同高級中學附設嘉義縣私立協同幼兒園,私立,3,下學期,全日班,63360,
民雄鄉,財團法人臺灣省嘉義縣私立協同高級中學附設嘉義縣私立協同幼兒園,私立,2,上學期,全日班,63360,
民雄鄉,財團法人臺灣省嘉義縣私立協同高級中學附設嘉義縣私立協同幼兒園,私立,2,下學期,全日班,63360,
