reg_no,reg_docno,reg_date,title,owner,city,town,type,address,floor,size,size_in,size_out,tel,url,count_approved,shuttle,pre_public,is_free5,is_after,penalty,has_slip
府教幼字第1070067010號,九0彰府教特字第178443號,1917/04/01,彰化縣彰化市大成國民小學附設幼兒園,吳宗達,彰化縣,彰化市,公立,[500]自強路303號,1樓、2樓、3樓,"4,371.38平方公尺","3,036.02平方公尺","1,335.36平方公尺",(04)7353457#104,https://www.dches.chc.edu.tw/,240,,無,,無,無,yes
府教幼字第1110332399號,六九彰府教國字第76071號,1980/06/24,彰化縣彰化市東芳國民小學附設幼兒園,陳錦廣,彰化縣,彰化市,公立,[500]彰馬路45號,1樓、2樓,991.86平方公尺,211.26平方公尺,780.6平方公尺,(04)7523250#724,www.tfps.chc.edu.tw,60,,無,,無,無,yes
府教幼字第1080293076號,七六彰府教國字第77551號,1987/02/19,彰化縣彰化市忠孝國民小學附設幼兒園,陳昱仁,彰化縣,彰化市,公立,[500]忠誠路61號,1樓、2樓,971.34平方公尺,549.56平方公尺,421.78平方公尺,(04)7613511,https://www.jsps.chc.edu.tw/,90,,無,,無,無,yes
府教幼字第1100297261號,八六彰府教國字第036381號,1997/03/03,彰化縣彰化市中山國民小學附設幼兒園,楊式愷,彰化縣,彰化市,公立,[500]中山路二段678號,1樓,435.1平方公尺,245.3平方公尺,189.8平方公尺,(04)7222033#18,,60,,無,,無,無,yes
府教幼字第1100297262號,府教特字第0960040570號,2007/03/07,彰化縣彰化市南郭國民小學附設幼兒園,王春堎,彰化縣,彰化市,公立,[500]中興路98號,1樓,924.02平方公尺,480.3平方公尺,443.72平方公尺,(04)7280366#5021,http://163.23.80.2/select3/輔導室/new/幼稚園/index.htm,60,,無,,無,無,yes
府教幼字第1080045578號,府社幼字第1000208724號,1995/07/01,彰化縣彰化市立幼兒園,林世賢,彰化縣,彰化市,公立,[500]長順街99號,1樓、2樓、3樓,"1,987平方公尺",938平方公尺,150平方公尺,(04)7292221,https://www.facebook.com/%E5%BD%B0%E5%8C%96%E5%B8%82%E7%AB%8B%E5%B9%BC%E5%85%92%E5%9C%92-10062748810,300,,無,,無,無,yes
府教幼字第1080045578A號,府社幼字第1000396880號,1995/07/01,彰化縣彰化市立幼兒園介壽分班,,彰化縣,彰化市,公立,[500]介壽新村241號,1樓、2樓,529.83平方公尺,194.8平方公尺,121.14平方公尺,(04)7125706,http://preschool.changhua.gov.tw/,90,,無,,無,無,yes
府教幼字第1080227306號,八四彰府教國字第153886號,1995/08/28,彰化縣私立先鋒幼兒園,廖美紅,彰化縣,彰化市,私立,[500]彰南路二段229之1號,1-2樓,"1,228.74平方公尺",599.54平方公尺,629.2平方公尺,(04)7371239,http://pioneer.woby.com.tw,150,"		",110-112,,無,無,yes
府教幼字第1010089142號,八六彰府教國字第198436號,1997/10/20,彰化縣私立立大幼兒園,楊煥爵,彰化縣,彰化市,私立,[500]泰和東街76號,1樓至2樓,"1,007.77平方公尺",655.77平方公尺,352平方公尺,(04)7265181,,90,"		",無,,無,無,yes
府教幼字第1010117921號,府社幼字第09100220230號,2002/01/31,彰化縣私立昀銛幼兒園,葉姵均,彰化縣,彰化市,私立,[500]山中街114號,1樓,414.82平方公尺,127.9平方公尺,228.11平方公尺,(04)7324272,,85,"		",110-112,,無,無,yes
府教幼字第1010117940號,八六彰府社福字第182849號,1997/09/26,彰化縣私立小樹苗幼兒園,陳鴻台,彰化縣,彰化市,私立,[500]大埔路219號,1樓至2樓,225.36平方公尺,75.36平方公尺,150平方公尺,(04)7118904,,40,,無,,無,無,yes
府教幼字第1010256109號,府社幼字第0990078270號,2010/04/01,彰化縣私立爵諾威爾幼兒園,陳怡雯,彰化縣,彰化市,私立,[500]民族路199號,1樓至2樓,953.65平方公尺,573.23平方公尺,380.42平方公尺,(04)7272755,,130,"		",無,,有，人數：10,有,yes
府教幼字第1070306209號,八三彰府社福字第189175號,1994/09/21,彰化縣私立三才幼兒園,顏國錦,彰化縣,彰化市,私立,[500]公園路一段323號,1-2樓,"1,572.62平方公尺",820.61平方公尺,456.35平方公尺,(04)7259555,serene5454@yahoo.com.tw,265,,110-112,,有，人數：40,有,yes
府教幼字第1010118431號,七0彰府教國字第57739號,1981/04/01,彰化縣私立南興幼兒園,洪文輝,彰化縣,彰化市,私立,[500]中山路1段187號,1樓至3樓,795.75平方公尺,623.11平方公尺,172.64平方公尺,(04)7620384,http://ns888.woby.com.tw,240,,110-112,,無,無,yes
府教幼字第1010118434號,彰府社福字第128227號,1983/08/12,彰化縣私立立人幼兒園,王澄姿,彰化縣,彰化市,私立,[500]陽明街2.4.6號,1樓,212.3平方公尺,163.63平方公尺,,(04)7230959,http://www.lijen.com.tw,55,,110-112,,有，人數：20,無,yes
府教幼字第1090480918號,府社幼字第0930010011號,2004/01/14,彰化縣私立威爾森幼兒園,陳志弘,彰化縣,彰化市,私立,[500]四維路21號,1樓至2樓,569.83平方公尺,130平方公尺,234.17平方公尺,(04)7517835,http://www.wretch.cc/blog/good200863/8679647,80,,無,,無,無,yes
府教幼字第1020069588號,９０彰府教特字第２２３７５０號,2001/12/19,彰化縣私立美利亞幼兒園,吳晟光,彰化縣,彰化市,私立,[500]茄苳路一段138之2號,1樓至3樓,"1,495.76平方公尺","1,103.54平方公尺",392.22平方公尺,(04)7353855,,145,"		",110-112,,無,無,yes
府教幼字第1100246634號,府社幼字第09101340560號,2002/07/22,彰化縣私立探索中興幼兒園,劉麗芬,彰化縣,彰化市,私立,[500]華山路273巷25號,1樓至3樓,"1,132.28平方公尺",473平方公尺,492平方公尺,(04)7290539,http://hipage.hinet.net/JONGSHING,120,"		",110-112,,無,有,yes
府教幼字第1010169602號,府社幼字第0950070126號,2006/04/14,彰化縣彰山宮文化慈善事業協會附設彰化縣私立彰山宮幼兒園,王火爐,彰化縣,彰化市,私立,[500]南校街160號,2樓至3樓,875.49平方公尺,337.98平方公尺,278.85平方公尺,(04)7281168,,160,,110-112,,無,有,yes
府教幼字第1010151217號,府社幼字第0920235681號,2003/12/10,彰化縣私立牛頓米羅幼兒園,李如春,彰化縣,彰化市,私立,[500]平和五街101號,1樓,696平方公尺,215.73平方公尺,364.04平方公尺,(04)7627433,http//newtonmiro.net.23.net,80,,110-112,,無,無,yes
府教幼字第1010151215號,府社幼字第0930144668號,2006/10/04,彰化縣私立華盛頓幼兒園,周啟銘,彰化縣,彰化市,私立,[500]崙美路55號,1,448.9平方公尺,103.29平方公尺,282.4平方公尺,(04)7633388,,30,,無,,無,無,yes
府教幼字第1010151223號,彰府社福字第160677號,1995/09/06,彰化縣私立喜悅兒幼兒園,許麗娟,彰化縣,彰化市,私立,[500]南平街121.123.125.127號,1樓至2樓,388平方公尺,203.25平方公尺,117平方公尺,(04)7112747,,80,,無,,無,有,yes
府教幼字第1010151219號,府社幼字第0930236347號,2004/12/09,彰化縣私立芝加哥幼兒園,莊玉瑛,彰化縣,彰化市,私立,[500]西勢街278號,1樓至2樓,"1,066.11平方公尺",174平方公尺,250平方公尺,(04)7235500,,116,,無,,無,有,yes
府教幼字第1070025012號,彰府社福字第70672號,2002/01/16,彰化縣私立堉惠幼兒園,張可欣,彰化縣,彰化市,私立,[500]三民路279巷1號,1樓至3樓,467.16平方公尺,218.79平方公尺,123.93平方公尺,(04)7238849,http://yuhui.woby.tw/,80,"		",110-112,,無,無,yes
府教幼字第1010142287號,七一彰府教國字第42826號,1982/01/21,彰化縣私立和平幼兒園,林梅桂,彰化縣,彰化市,私立,[500]福山街165巷38號,一樓至二樓,917.2平方公尺,394.2平方公尺,523平方公尺,(04)7323229,http://hopingkids.blogspot.com,120,,110-112,,無,無,yes
府教幼字第1050302558號,八九彰府社幼字第098231號,2000/05/25,彰化縣私立格林幼兒園,郭佳晴,彰化縣,彰化市,私立,[500]山中街1之5號,1~2,536.017平方公尺,347.817平方公尺,188.2平方公尺,(04)7389952,https://www.facebook.com/%E5%BD%B0%E5%8C%96%E6%A0%BC%E6%9E%97%E5%B9%BC%E5%85%92%E5%9C%92-26002005201,161,"		",111-112,,有，人數：16,無,yes
府教幼字第1100480278號,府社幼字第0920218607號,2003/11/11,彰化縣私立山姆叔叔幼兒園,張陳錦雲,彰化縣,彰化市,私立,[500]三民路279巷5號2樓,2樓,314.34平方公尺,175.8平方公尺,138.54平方公尺,(04)7285878,,56,,110-112,,無,無,yes
府教幼字第1040344626號,府社幼字第0940105938號,2005/06/07,彰化縣私立富蘭克林幼兒園,徐世光,彰化縣,彰化市,私立,[500]延平路508號,1樓至3樓,"2,599.86平方公尺",797平方公尺,834.12平方公尺,(04)7125555,http://www.ykce.com.tw/,370,,無,,無,無,yes
府教幼字第1030036563號,府社幼字第0960101520號,2007/05/22,彰化縣私立米堤爾幼兒園,蔡麗禎,彰化縣,彰化市,私立,[500]彰南路2段73巷18號,1樓至2樓,572.91平方公尺,235.97平方公尺,220.8平方公尺,(04)7386123,http://miter.myweb.hinet.net/,60,,無,,無,無,yes
府教幼字第1010169657號,八七彰府社福字第187710號,1998/10/07,彰化縣私立喜悅兒曉陽幼兒園,許麗娟,彰化縣,彰化市,私立,[500]曉陽路180號,1樓至2樓,366.35平方公尺,167.11平方公尺,91.97平方公尺,(04)7262745,,60,,無,,無,無,yes
府教幼字第1070209639號,府社幼字第0930149386號,2004/08/05,彰化縣私立探索幼兒園,劉麗芬,彰化縣,彰化市,私立,[500]建國北路160號,1樓、2樓,"1,221.28平方公尺",587.6平方公尺,633.68平方公尺,(04)7233207,,188,"		",110-112,,無,無,yes
府教幼字第1010169734號,府社幼字第0920244304號,2003/12/24,彰化縣私立樂耕幼兒園,劉冷琴,彰化縣,彰化市,私立,[500]辭修路388號,1樓至2樓,"1,661.83平方公尺",264.32平方公尺,729.16平方公尺,(04)7513310,www.childhouse.com.tw/index.html,100,,無,,無,無,yes
府教幼字第1020144189號,府社幼字第09102172690號,2002/11/20,彰化縣私立嘟嘟幼兒園,李素婷,彰化縣,彰化市,私立,[500]仁愛路67巷11號,1樓至3樓,192.74平方公尺,58.27平方公尺,38.03平方公尺,(04)7203646,,27,,無,,無,無,yes
府教幼字第1100166871號,府社幼字第0960104607號,2007/05/25,彰化縣私立探索辭修幼兒園,劉麗芬,彰化縣,彰化市,私立,[500]彰草路43之5號,1樓至3樓,"1,100.62平方公尺",747.19平方公尺,353.43平方公尺,(04)7636351,https://www.facebook.com/kiddieCisiu/?ref=pages_you_manage,233,"		",無,,有，人數：13,無,yes
府教幼字第1010170730號,府社幼字第1000328220號,2011/10/06,彰化縣私立均成幼兒園,陳昌億,彰化縣,彰化市,私立,[500]彰南路二段256之6號、7號,1樓至3樓,382.27平方公尺,179.71平方公尺,56.35平方公尺,(04)7385080,,67,"		",無,,有，人數：9,無,yes
府教幼字第1010203474號,彰府社福字第209995號,1993/12/04,彰化縣私立陳興幼兒園,陳淑娟,彰化縣,彰化市,私立,[500]互助二街1之1號,地上一樓,"1,350.02平方公尺",306平方公尺,990平方公尺,(04)7373459,http://chen-hsin.wiby.com.tw,180,"		",110-112,,無,有,yes
府教幼字第1040024293號,八九彰府社幼字第186864號,2000/10/03,彰化縣私立樹人幼兒園,許書堂,彰化縣,彰化市,私立,[500]中山路二段605之1號,1,286.82平方公尺,241平方公尺,,(04)7227726,,68,,無,,有，人數：33,無,yes
府教幼字第1010205661號,八八彰府社福字第068999號,1999/04/14,彰化縣私立幼祥幼兒園,曾麗娜,彰化縣,彰化市,私立,[500]天祥路66號,地上1層至3層,762.58平方公尺,341.4平方公尺,294平方公尺,(04)7619667,,150,,110-112,,有，人數：20,無,yes
府教幼字第1010205685號,彰府社福字第33號,1981/08/31,彰化縣私立成陽幼兒園,陳惠敏,彰化縣,彰化市,私立,[500]中正路二段657巷85號,1-2樓,407.78平方公尺,137.45平方公尺,169平方公尺,(04)7254102,,60,,無,,無,無,yes
府教幼字第1100412776號,彰府社福字第89384號,1983/04/22,彰化縣私立幼幼幼兒園,林亦儒,彰化縣,彰化市,私立,[500]大埔路485巷2號,一樓,344.66平方公尺,138.24平方公尺,172.37平方公尺,(04)7116013,,92,,110-112,,無,有,yes
府教幼字第1010206699號,府社幼字第0930142544號,2004/07/26,彰化縣私立旗艦史丹福幼兒園,黃士釗,彰化縣,彰化市,私立,[500]辭修路412號,1-2樓,"2,991.09平方公尺","1,657.98平方公尺",716.31平方公尺,(04)7511666,,280,"		",無,,有，人數：20,有,yes
府教幼字第1010228465號,彰府社福字第37561號,1994/01/27,彰化縣私立童年幼兒園,游英娥,彰化縣,彰化市,私立,[500]崙平南路441號,一樓至二樓,395.03平方公尺,359.7平方公尺,,(04)7633858,,100,,無,,有，人數：20,無,yes
府教幼字第1010226958號,八八彰府社福字第189052號,1999/10/11,彰化縣私立劍聲幼兒園,陳寶玉,彰化縣,彰化市,私立,[500]永芳路356號,1樓至二樓,860.59平方公尺,232.27平方公尺,566平方公尺,(04)7510863,http://www.jskid.com.tw/index.jsp?_goBunitId=11,150,,110-112,,有，人數：30,有,yes
府教幼字第1070244966號,府社幼字第0950183130號,2006/09/22,彰化縣私立爵諾麗森幼兒園,黃志偉,彰化縣,彰化市,私立,[500]建國東路291號,1樓至3樓,"1,720.19平方公尺",453.73平方公尺,583.4平方公尺,(04)7276667,,180,"		",無,,有，人數：15,無,yes
府教幼字第1090218883號,七七彰府社福字第033781號,1988/12/15,彰化縣私立鵝媽媽幼兒園,王淑華,彰化縣,彰化市,私立,[500]大埔路485巷10號,1-2F,"1,297.24平方公尺",381.43平方公尺,695.94平方公尺,(04)7121157,http://www.goosemom.com.tw,149,,110-112,,無,無,yes
府教幼字第1110058026號,彰府社福字第170159號,1996/09/23,有限責任國立彰化師範大學員生消費合作社附設彰化縣私立彰師大幼兒園,湯玉珍,彰化縣,彰化市,私立,[500]進德路1號,1樓,"1,138.64平方公尺",347.8平方公尺,118.62平方公尺,(04)7277541,ncuekid@yahoo.com.tw,150,,無,,無,無,yes
府教幼字第1010317917號,九0彰府社幼字第115495號,2001/07/04,彰化縣私立耕新幼兒園,蔡金桂,彰化縣,彰化市,私立,[500]天祥路313號,1-3樓,497.93平方公尺,211.03平方公尺,116.8平方公尺,(04)7638866,,94,,110-112,,無,無,yes
府教幼字第1100412772號,府社幼字第1010028275號,2012/02/06,彰化縣私立幼幼皇家幼兒園,林亦儒,彰化縣,彰化市,私立,[500]大埔路485巷1號,1樓至2樓,197.35平方公尺,164.28平方公尺,,(04)7116013,,45,,110-112,,有，人數：15,有,yes
府教幼字第1010354543號,府社幼字第0950112884號,2006/06/15,彰化縣私立勁寶兒海頓幼兒園,林妙珍,彰化縣,彰化市,私立,[500]瑞陽街30號,二樓至三樓,419.35平方公尺,288.36平方公尺,27.11平方公尺,(04)7111738,,45,,無,,無,無,yes
府教幼字第1020078721號,府教幼字第1020031910號,2013/03/01,彰化縣私立培根幼兒園,徐世光,彰化縣,彰化市,私立,[500]彰新路一段99號,一樓至三樓,"2,485.8平方公尺","1,467平方公尺","1,018.8平方公尺",(04)7367155,,370,,無,,無,無,yes
府教幼字第1030048171號,府教幼字第1030048171號,2014/02/24,彰化縣私立頂尖保進幼兒園,竇瑜芬,彰化縣,彰化市,私立,[500]南館街70號,1樓至3樓,"3,323.79平方公尺","2,265.65平方公尺",953.14平方公尺,(04)7620270,http://bowjinn-053.topschool.com.tw/,317,"		",110-112,,無,有,yes
府教幼字第1100441762號,府教幼字第1030449573號,2014/12/30,彰化縣私立悅恩幼兒園,王詩雯,彰化縣,彰化市,私立,[500]三民路403巷7號,1樓、2樓,574.95平方公尺,498.48平方公尺,76.47平方公尺,(04)7287179,,49,,110-112,,無,無,yes
府教幼字字第1060328924號,府教幼字字第1060328924號,2017/09/20,彰化縣私立日光城堡幼兒園,朱慧芬,彰化縣,彰化市,私立,[500]中山路二段685號,1樓、2樓,"1,484.01平方公尺","1,001.03平方公尺",482.98平方公尺,(04)7260174,,193,,無,,無,無,yes
府教幼字第1110244218號,府教幼字第1110244218號,2022/07/07,彰化縣私立圓周幼兒園,林奕儒,彰化縣,彰化市,私立,[500]崙美路49號,1樓,781.19平方公尺,441.16平方公尺,340.03平方公尺,(04)7266263,,105,,無,,無,無,yes
府教幼字第1110291859號,八六彰府社福字第13383號,1997/01/26,彰化縣彰基員工子女非營利幼兒園（彰化基督教醫療財團法人申請辦理）,吳瑞鵬,彰化縣,彰化市,非營利,[500]大埔路485巷106號,一樓,792.69平方公尺,284.18平方公尺,508.51平方公尺,(04)7114013,評鑑情形：,116,,無,,無,無,no
府教幼字第1090119666號,府教幼字第1050037748號,2016/01/30,彰化縣平和非營利幼兒園（委託社團法人彰化縣中華幼兒教保職涯發展協會辦理）,陳麗秋,彰化縣,彰化市,非營利,[500]建中街60號,1樓,953.89平方公尺,553.89平方公尺,400平方公尺,(04)7620429,評鑑情形：,106,,無,,無,無,no
府教幼字第1090119665號,府教幼字第1080264240號,2019/07/31,彰化縣興光非營利幼兒園（委託社團法人彰化縣中華幼兒教保職涯發展協會辦理）,陳麗秋,彰化縣,彰化市,非營利,[500]中山路一段213號,1樓、2樓,451.44平方公尺,259.74平方公尺,191.7平方公尺,(04)7515075,https://www.facebook.com/sg7515075,60,,無,,無,無,no
府教幼字第1080264234號,府教幼字第1080264234號,2019/07/30,彰化縣民生非營利幼兒園（委託社團法人彰化縣全方位教育協會辦理）,梁嫣玲,彰化縣,彰化市,非營利,[500]民生路338號,1樓,542.87平方公尺,268.16平方公尺,274.71平方公尺,(04)7288141,評鑑情形：,60,,無,,無,無,no
府教幼字第1090119664號,府教幼字第1080264239號,2019/07/31,彰化縣石牌非營利幼兒園（委託社團法人彰化縣中華幼兒教保職涯發展協會辦理）,陳麗秋,彰化縣,彰化市,非營利,[500]田坑路一段9號,1樓、2樓,510.8905平方公尺,300.2005平方公尺,210.69平方公尺,(04)7384073,評鑑情形：,68,,無,,無,無,no
府教幼字第1090307158號,府教幼字第1090307158號,2020/08/26,彰化縣國聖非營利幼兒園（委託社團法人彰化縣全方位教育協會辦理）,梁嫣玲,彰化縣,彰化市,非營利,[500]中山路三段608號,1樓、2樓,"1,457.2平方公尺","1,022.47平方公尺",434.73平方公尺,(04)7388697,評鑑情形：,106,,無,,無,無,no
府教幼字第1100297258號,彰府教國字第82569號,1974/07/20,彰化縣芬園鄉芬園國民小學附設幼兒園,王彩鳳,彰化縣,芬園鄉,公立,[502]彰南路四段27巷28號,1樓,527.28平方公尺,340.17平方公尺,187.11平方公尺,(049)2522208#132,http://fypschild.tw.class.urlifelinks.com/,30,,無,,無,無,yes
府教幼字第1080038756號,府社幼字第1000340002號,1994/09/27,彰化縣芬園鄉立幼兒園,林世明,彰化縣,芬園鄉,公立,[502]中山路139號,1樓、2樓,"2,592.16平方公尺",661.86平方公尺,914.01平方公尺,(04)8591319,,290,"		",無,,無,無,yes
府教幼字第1060401638號,府社幼字第0940146858號,2005/07/29,彰化縣私立來來幼兒園,張美慧,彰化縣,芬園鄉,私立,[502]美華路66號,一樓至二樓,"1,998.59平方公尺",307.68平方公尺,"1,060.32平方公尺",(049)2520077,,150,"		",無,,有，人數：25,有,yes
府教幼字第1100297259號,府教幼字第1010220895號,2012/08/01,彰化縣花壇鄉華南國民小學附設幼兒園,吳聖威,彰化縣,花壇鄉,公立,[503]中橋街226號,1樓,350.75平方公尺,159.75平方公尺,95.85平方公尺,(04)7863225#105,,30,,無,,無,無,yes
府教幼字第1080041853號,府社幼字第1000391311號,1994/10/01,彰化縣花壇鄉立幼兒園,顧勝敏,彰化縣,花壇鄉,公立,[503]平和街76號,1樓、2樓,726.61平方公尺,216.15平方公尺,406.33平方公尺,(04)7865921#131,,60,,無,,無,無,yes
府教幼字第1090200499號,花鄉人字第10876號,1994/10/01,彰化縣花壇鄉立幼兒園文祥分班,,彰化縣,花壇鄉,公立,[503]明雅街131號,1樓,601.73平方公尺,255平方公尺,346.73平方公尺,(04)7870403,彰化縣花壇鄉金墩村金墩街101號,60,,無,,無,無,yes
府教幼字第1080041853D號,花鄉人字第10876號,1994/10/01,彰化縣花壇鄉立幼兒園白沙分班,,彰化縣,花壇鄉,公立,[503]溪北街187號,1樓,332.67平方公尺,254.05平方公尺,,(04)7882802,,60,,無,,無,無,yes
府教幼字第1080041853B號,花鄉人字第10876號,1994/10/01,彰化縣花壇鄉立幼兒園橋頭分班,,彰化縣,花壇鄉,公立,[503]花橋街117之1號,1樓,378.36平方公尺,204.39平方公尺,105平方公尺,(04)7869640,,60,,無,,無,無,yes
府教幼字第1080041853C號,府社幼字第1000391315號,1994/10/01,彰化縣花壇鄉立幼兒園長春分班,,彰化縣,花壇鄉,公立,[503]彰員路一段172巷45號,1,921.48平方公尺,218.77平方公尺,627.97平方公尺,(04)7865921#131,,60,,無,,無,無,yes
府教幼字第1010089140號,九0彰府教特字第206372號,2001/11/22,彰化縣私立長頸鹿幼兒園,李志恆,彰化縣,花壇鄉,私立,[503]成功街185號,1樓至2樓,"1,245.78平方公尺",877.26平方公尺,368.52平方公尺,(04)7875820,,85,"		",無,,無,有,yes
府教幼字第1070361894號,府教幼字第1070361894號,2018/10/15,彰化縣私立長頸鹿幼兒園成功分班,,彰化縣,花壇鄉,私立,[503]成功街198號,1樓,378.22平方公尺,237.92平方公尺,140.3平方公尺,(04)7875820,,55,,無,,無,無,yes
府教幼字第1010103504號,彰府教學字第13643號,1985/07/04,彰化縣私立育仁幼兒園,吳彭秀霞,彰化縣,花壇鄉,私立,[503]金墩街211號,1,"2,062.83平方公尺",951.11平方公尺,"1,111.72平方公尺",(04)7866133,http://www.yu-ren.com.tw,150,"		",無,,無,有,yes
府教幼字第1010165924號,府教特字第0990221063號,2010/10/15,彰化縣私立萊恩幼兒園,潘鳳玉,彰化縣,花壇鄉,私立,[503]中正路105巷7號,一樓至二樓,640.95平方公尺,350.3平方公尺,290.65平方公尺,(04)7869777,,70,"		",110-112,,無,無,yes
府教幼字第1070081854號,彰府社福字第210702號,1995/11/24,彰化縣私立貝威幼兒園,陳洵恒,彰化縣,花壇鄉,私立,[503]三芬路35號,1樓至3樓,897.14平方公尺,354.63平方公尺,218.72平方公尺,(04)7875348,y56102.monica@msa.hinet.net,130,"		",110-112,,有，人數：30,有,yes
府教幼字第1010265338號,府社幼字第0920140436號,2003/07/29,彰化縣私立育成幼兒園,劉英棟,彰化縣,花壇鄉,私立,[503]中正路66號,1樓,"2,039.25平方公尺",549平方公尺,"1,152平方公尺",(04)7872679,https://www.facebook.com/yuchen.miles.com.tw,175,"		",110-112,,無,無,yes
府教幼字第1070321080號,府社幼字第09100006760號,2002/01/03,彰化縣私立一家人完全幼兒園,李月鵑,彰化縣,花壇鄉,私立,[503]忠孝街7號,1樓,851.1平方公尺,221.3平方公尺,514.72平方公尺,(04)7866532,,100,,110-112,,無,有,yes
府教幼字第1010227593號,府社幼字第09100200950號,2002/01/30,彰化縣私立東亞園幼兒園,許書堂,彰化縣,花壇鄉,私立,[503]中山路二段238號,1樓,"1,273.24平方公尺",381.46平方公尺,874.79平方公尺,(04)7867811,,150,,110-112,,無,無,yes
府教幼字第1040171479號,府社幼字第09102168450號,2002/11/18,彰化縣私立美兒堡幼兒園,竇瑜芬,彰化縣,花壇鄉,私立,[503]花南路66號,1,"1,843.64平方公尺",450平方公尺,598.61平方公尺,(04)7867266,http：//meirbau.topschool.com.tw,220,"		",110-112,,有，人數：20,有,yes
府教幼字第1040456927號,府教幼字第1040445258號,2015/12/23,彰化縣私立哈羅蒙特梭利幼兒園,張鈺艷,彰化縣,花壇鄉,私立,[503]中山路一段321、325號,1樓、2樓,"1,678.53平方公尺",906.52平方公尺,772.01平方公尺,(04)7868888,http://www.harrow.com.tw/,166,"		",無,,無,有,yes
府教幼字第1080181756號,府教幼字第1080181756號,2019/05/29,彰化縣私立萊恩寶貝幼兒園,潘鳳玉,彰化縣,花壇鄉,私立,[503]學府路71號,1樓,466.29平方公尺,244.64平方公尺,221.65平方公尺,(04)7869369,,60,,110-112,,無,無,yes
府教幼字第1110433275號,府教幼字第1090159340號,2020/05/07,彰化縣私立稻盛幼兒園,李麗君,彰化縣,花壇鄉,私立,[503]中正路33號,1樓、2樓、3樓,"1,588.87平方公尺","1,052.87平方公尺",536平方公尺,(04)7872618,https://www.facebook.com/daosheng3335,174,,110-112,,無,無,yes
府教幼字第1100029087號,府教幼字第1090307166號,2020/08/26,彰化縣僑愛非營利幼兒園（委託社團法人彰化縣中華幼兒教保職涯發展協會辦理）,陳麗秋,彰化縣,花壇鄉,非營利,[503]中山路二段471號,1樓、2樓、3樓,"1,541.252平方公尺","1,022.61平方公尺",518.642平方公尺,(04)7865148,https://www.facebook.com/q7865148/,90,,無,,無,無,no
府教幼字第1080035875號,府社幼字第1000411888號,1994/10/15,彰化縣秀水鄉立幼兒園,林英嘉,彰化縣,秀水鄉,公立,[504]復新街7號,1樓、2樓、3樓,"4,138.54平方公尺",696.38平方公尺,"2,698.12平方公尺",(04)7680325,,420,"		",無,,無,無,yes
府教幼字第1070193403號,府教特字第0960042772號,2007/04/03,彰化縣私立劍橋幼兒園,黃明昌,彰化縣,秀水鄉,私立,[504]寶溪巷28號,1樓至3樓,"3,781.13平方公尺","2,134.73平方公尺","1,646.4平方公尺",(04)7691234,,251,,無,,無,無,yes
府教幼字第1060046179號,府教特字第0920111942號,2003/07/04,彰化縣私立維多利亞幼兒園,林振仕,彰化縣,秀水鄉,私立,[504]長美巷115號,1樓,"1,744.23平方公尺","1,343.92平方公尺",400.31平方公尺,(04)7689966,www.victoria-kid.woby.com,246,"		",無,,無,有,yes
府教幼字第1110320057號,府社幼字第0930233481號,2004/12/03,彰化縣私立牛頓幼兒園,吳椒榕,彰化縣,秀水鄉,私立,[504]彰馬街145巷12號,1樓至2樓,788.6平方公尺,235.08平方公尺,392平方公尺,(04)7614061,http://kidsworld.woby.com.tw/,150,,110-112,,無,無,yes
府教幼字第1090072277號,七三彰府教學字第100109號,1984/05/17,彰化縣私立福安幼兒園,蘇玉緞,彰化縣,秀水鄉,私立,[504]通鹿巷188弄76號,1樓、2樓,990.78平方公尺,374.18平方公尺,616.6平方公尺,(04)7695713,,90,,110-112,,無,有,yes
府教幼字第1010170744號,九0彰府社幼字第118294號,2001/07/06,彰化縣私立哈佛幼兒園,梁豐鑫,彰化縣,秀水鄉,私立,[504]彰水路二段365號,1樓至3樓,539.22平方公尺,384.21平方公尺,93.26平方公尺,(04)7686699,,80,"		",110-112,,無,無,yes
府教幼字第1110031979號,府社幼字第0990157787號,2010/06/29,彰化縣私立愛兒幼兒園,劉惠眞,彰化縣,秀水鄉,私立,[504]枋林巷75之12號,1樓至3樓,265.05平方公尺,80.49平方公尺,107.8平方公尺,(04)7697098,,30,,無,,無,無,yes
府教幼字第1010170756號,八九彰府社幼字第152640號,2000/08/14,彰化縣私立英橋幼兒園,黃明昌,彰化縣,秀水鄉,私立,[504]中山路488號,1樓、1樓,"1,192.29平方公尺",240.1平方公尺,695.59平方公尺,(04)7685678,,140,"		",無,,有，人數：30,無,yes
府教幼字第1090033284號,府教幼字第1080408189號,2019/11/18,彰化縣私立和德幼兒園,黃耀傑,彰化縣,秀水鄉,私立,[504]蘇周巷211號,1樓、2樓,"1,277.9平方公尺",976.24平方公尺,301.66平方公尺,(04)7686708,,98,,無,,無,無,yes
府教幼字第1110375581號,府教幼字第1060229552號,2017/06/30,彰化縣育民非營利幼兒園（委託社團法人彰化縣友善教育公益協會辦理）,黃淑幸,彰化縣,秀水鄉,非營利,[504]民生街262號,1樓,647.5平方公尺,312.5平方公尺,335平方公尺,(04)7687759,https://www.facebook.com/ymes.kindergarten.tw/,90,,無,,無,無,no
府教幼字第1110332403號,七六彰府教國字第108684號,1987/06/10,彰化縣鹿港鎮東興國民小學附設幼兒園,林雅慧,彰化縣,鹿港鎮,公立,[505]東崎七巷52號,1樓,286.12平方公尺,153.87平方公尺,132.25平方公尺,(04)7751591#109,http://www.sdses.chc.edu.tw/,30,,無,,無,無,yes
府教幼字第1070067030號,七五彰府教國字第104987號,1986/05/20,彰化縣鹿港鎮文開國民小學附設幼兒園,詹雪梅,彰化縣,鹿港鎮,公立,[505]文開路60號,1樓,"2,487.092平方公尺",560.892平方公尺,"1,926.2平方公尺",(04)7765107#10或12,http://163.23.114.1/school/web/index.php?mod_area=14&menu_id=35,90,,無,,無,無,yes
府教幼字第1070067063號,六九彰府教國字第68304號,1980/05/20,彰化縣鹿港鎮鹿港國民小學附設幼兒園,徐文男,彰化縣,鹿港鎮,公立,[505]三民路192號,1樓,"1,367.08平方公尺",248.04平方公尺,"1,119.04平方公尺",(04)7778900,http://163.23.112.1/,60,,無,,無,無,yes
府教幼字第1060301201號,六八彰府教國字第82569號,1979/07/21,彰化縣鹿港鎮洛津國民小學附設幼兒園,張榮裕,彰化縣,鹿港鎮,公立,[505]公園三路51號,1樓、2樓,850.84平方公尺,350.7平方公尺,500.14平方公尺,(04)7841347,www.ljes.chc.edu.tw/kg,60,,無,,無,無,yes
府教幼字第1060301091號,七0彰府教國字第8744號,1981/08/11,彰化縣鹿港鎮頂番國民小學附設幼兒園,陳艷紅,彰化縣,鹿港鎮,公立,[505]頂草路一段100號,1樓,"1,305.63平方公尺",444.9平方公尺,860.73平方公尺,(04)7718157#13或14,http://www.dfes.chc.edu.tw/,90,,無,,無,無,yes
府教幼字第1110332407號,府教特字第09100685822號,2002/04/17,彰化縣鹿港鎮海埔國民小學附設幼兒園,王明雅,彰化縣,鹿港鎮,公立,[505]鹿草路二段889號,1樓,378平方公尺,196.72平方公尺,181.28平方公尺,(04)7779353,http://www.hpes.chc.edu.tw/,30,,無,,無,無,yes
府教幼字第1110332400號,府教特字第0920071657號,2003/04/18,彰化縣鹿港鎮鹿東國民小學附設幼兒園,謝秀華,彰化縣,鹿港鎮,公立,[505]長安路125號,1樓,638.891平方公尺,259.641平方公尺,379.25平方公尺,(04)7756521#27,http://163.23.89.3/school/web/,30,,無,,無,無,yes
府教幼字第1080043344號,府社幼字第1000309944號,1994/09/15,彰化縣鹿港鎮立幼兒園,許志宏,彰化縣,鹿港鎮,公立,[505]文化街139號,1樓、2樓、3樓,"3,440.62平方公尺","1,271.07平方公尺",980.92平方公尺,(04)7746055#2505,附屬於鹿港鎮所網頁上--http://www.lukang.gov.tw/index.html,450,"		",無,,無,無,yes
府教幼字第1070292110號,府教幼字第1010040699號,2012/02/17,彰化縣私立嘉人幼兒園,劉麗芬,彰化縣,鹿港鎮,私立,[505]仁愛街56號,1,408平方公尺,265.33平方公尺,,(04)7788658,彰化縣鹿港鎮仁愛街56號,180,,無,,無,無,yes
府教幼字第1070264839號,八九彰府教特字第182234號,2000/09/26,彰化縣私立柏克萊幼兒園,黃利淇,彰化縣,鹿港鎮,私立,[505]長安路88號,1至2樓,"1,983.52平方公尺",997.98平方公尺,793.41平方公尺,(04)7741511,,160,"		",無,,無,無,yes
府教幼字第1020417303號,八五彰府教國字第88402號,1996/05/24,彰化縣私立皇家幼兒園,陳逸昇,彰化縣,鹿港鎮,私立,[505]鹿草路二段313巷3號,1樓至2樓,471平方公尺,185平方公尺,286平方公尺,(04)7786599,http://royal.np2.tw/index.php,75,"		",110-112,,無,有,yes
府教幼字第1070412445號,八九彰府教國字第105317號,2000/06/07,彰化縣私立鹿港保進幼兒園,顏慎云,彰化縣,鹿港鎮,私立,[505]永安一路25號,1樓,836.84平方公尺,441.15平方公尺,395.69平方公尺,(04)7755398,,114,"		",110-112,,無,無,yes
府教幼字第1010166232號,七三彰府教學字第163873號,1984/12/04,彰化縣私立安安廣學幼兒園,黃清田,彰化縣,鹿港鎮,私立,[505]泉州街50號,一樓,284.56平方公尺,164.47平方公尺,120.09平方公尺,(04)7765641,,60,,無,,無,無,yes
府教幼字第1070164141號,七四彰府教學字第81202號,1985/02/27,彰化縣私立天真幼兒園,陳財發,彰化縣,鹿港鎮,私立,[505]文成街52號,1樓、2樓、3樓,"2,023.15平方公尺","1,026.13平方公尺",997.02平方公尺,(04)7787247,http://tianjen.topschool.com.tw/,173,"		",無,,無,無,yes
府教幼字第1010170676號,八九彰府社幼字第178714號,2000/09/21,彰化縣私立小天使幼兒園,張玉雯,彰化縣,鹿港鎮,私立,[505]自由路170號,1樓,"2,378.5平方公尺",501平方公尺,"1,500平方公尺",(04)7776117,http://angel.np2.tw/index.php,220,"		",110-112,,有，人數：20,有,yes
府教幼字第1080008234號,八七彰府教國字第82648號,1998/05/08,彰化縣私立貝斯特幼兒園,陳雅惠,彰化縣,鹿港鎮,私立,[505]立德街1之1號,1樓-2樓,"1,303.79平方公尺",884.46平方公尺,419.33平方公尺,(04)7770169,http://best.woby.com.tw,120,"		",110-112,,無,無,yes
府教幼字第1010206211號,府社幼字第0950020727號,2006/01/25,彰化縣私立安安幼兒園,黃共崇,彰化縣,鹿港鎮,私立,[505]永祥街22巷臨7之1號,,,,,(04)7765646,,180,"		",無,,無,有,yes
府教幼字第1080017798號,府社幼字第0960005316號,2007/01/04,彰化縣私立耕心園幼兒園,黃聰敏,彰化縣,鹿港鎮,私立,[505]鹿西路288巷6號,1樓、2樓、3樓,"3,713.74平方公尺","2,777.1平方公尺",936.64平方公尺,(04)7767003,,302,,無,,無,無,yes
府教幼字第1090406019號,社三字第019號,1963/01/18,彰化縣私立愛育幼兒園,黃瑞呈,彰化縣,鹿港鎮,私立,[505]復興路69號,地上1層至地上2層,"1,335.36平方公尺",678.92平方公尺,656.44平方公尺,(04)7772310,,186,"		",無,,無,無,yes
府教幼字第1020180975號,府社幼字第1000034018號,2011/02/09,彰化縣私立鹿港多多龍幼兒園,黃金崙,彰化縣,鹿港鎮,私立,[505]頂草路二段62號,1樓、2樓、3樓,220.16平方公尺,108.11平方公尺,30.56平方公尺,(04)7722678,,37,,無,,有，人數：7,有,yes
府教幼字第1080373645號,府社幼字第0990068990號,2010/03/23,彰化縣私立普林斯頓幼兒園,黃奇勤,彰化縣,鹿港鎮,私立,[505]鹿和路三段500號,1樓、2樓,"4,694.23平方公尺",870.6平方公尺,"2,841.75平方公尺",(04)7715366,,305,"		",無,,有，人數：30,無,yes
府教幼字第1060302693號,府教幼字第1060143166號,2017/05/01,彰化縣私立童林幼兒園,許沛珊,彰化縣,鹿港鎮,私立,[505]安邦街56號,1樓、2樓、3樓,"2,248.31平方公尺","1,440.63平方公尺",676.68平方公尺,(04)7763765,彰化縣私立童林幼兒園,212,"		",無,,無,無,yes
府教幼字第1110150567號,府教幼字第1110150567號,2022/05/09,彰化縣私立日揚幼兒園,謝素苑,彰化縣,鹿港鎮,私立,[505]鹿和路四段422號,1樓、2樓,725.9平方公尺,491.25平方公尺,234.65平方公尺,(04)7715299,,75,,111-112,,無,無,yes
府教幼字第1110244725號,府教幼字第1080264242號,2019/07/31,彰化縣草港非營利幼兒園（委託社團法人南投縣手工藝發展協會辦理）,陳文彬,彰化縣,鹿港鎮,非營利,[505]頂草路四段251號,1樓,515.98平方公尺,295.98平方公尺,220平方公尺,(04)7711091,評鑑情形：,76,,無,,無,無,no
府教幼字第1110332416號,七四彰府教學字第143116號,1985/09/03,彰化縣福興鄉育新國民小學附設幼兒園,林媛萍,彰化縣,福興鄉,公立,[506]福正路4號,1樓、2樓,259.75平方公尺,112.5平方公尺,147.25平方公尺,(04)7802521#18或82,http://www.yses.chc.edu.tw/,30,,無,,無,無,yes
府教幼字第1110244717號,六九彰府教國字第0858號,1980/01/08,彰化縣福興鄉管嶼國民小學附設幼兒園,巫俊延,彰化縣,福興鄉,公立,[506]沿海路三段100號,1樓、2樓,745.32平方公尺,345.32平方公尺,400平方公尺,(04)7702949#15,163.23.104.129,46,,無,,無,無,yes
府教幼字第1080045651號,府社幼字第1000403076號,1994/10/01,彰化縣福興鄉立幼兒園,蔣煙燈,彰化縣,福興鄉,公立,[506]福興路51巷12號,1樓、2樓,"5,989.17平方公尺","1,187.1平方公尺","3,833.1平方公尺",(04)7766212#52,,360,"		",無,,無,無,yes
府教幼字第1080045651A號,府社幼字第1000403074號,1994/10/01,彰化縣福興鄉立幼兒園東區分班,,彰化縣,福興鄉,公立,[506]復興路15之15號,1樓、2樓,"4,242.52平方公尺","1,110.55平方公尺","2,046.58平方公尺",(04)7792901,,180,"		",無,,無,無,yes
府教幼字第1110402265號,八五彰府教國字第217434號,1996/12/06,彰化縣私立福興文開幼兒園,呂佩璇,彰化縣,福興鄉,私立,[506]秀安二街162巷79號,1樓至2樓,"3,137.82平方公尺","1,481.18平方公尺","1,656.64平方公尺",(04)7748889,,320,"		",無,,無,有,yes
府教幼字第1080030982號,七三彰府教學字第163688號,1984/12/04,彰化縣私立安祈兒幼兒園,黃楷尹,彰化縣,福興鄉,私立,[506]沿海路3段171號,1樓,761.2平方公尺,355.2平方公尺,406平方公尺,(04)7703381,,70,"		",110-112,,無,有,yes
府教幼字第1100233580號,八九彰府教國字第122862號,2000/06/28,彰化縣私立幼安幼兒園,蔡士晃,彰化縣,福興鄉,私立,[506]同安巷58號,1樓、2樓,"1,162.48平方公尺",612.34平方公尺,550.14平方公尺,(04)7771593,,140,"		",110-112,,無,無,yes
府教幼字第1110244721號,七四彰府教國字第178034號,1985/12/31,彰化縣線西鄉線西國民小學附設幼兒園,陳龍彬,彰化縣,線西鄉,公立,[507]中央路二段135號,1樓,415.8平方公尺,235.8平方公尺,180平方公尺,(04)7585075#720,http://163.23.92.129/,46,,無,,無,無,yes
府教幼字第1080045616號,府社幼字第0990140297號,1994/12/15,彰化縣線西鄉立幼兒園,蘇韋峻,彰化縣,線西鄉,公立,[507]中央路二段386巷128號,1樓、2樓,"2,751.04平方公尺",564.21平方公尺,"1,229.4平方公尺",(04)7584851#31,http://www2.chcg.gov.tw/main/main_act/main.asp?main_id=3768&act_id=62,300,,無,,無,無,yes
府教幼字第1120040721號,府教幼字第1120010889號,2023/01/09,經濟部工業局彰濱工業區服務中心職場互助教保服務中心（委託社團法人大中華社會企業創新策略發展協會辦理）,李杰霖,彰化縣,線西鄉,私立,[507]慶福路300號,,,,,(04)7910820,https://www.facebook.com/profile.php?id=100085109529248,58,,無,,無,無,no
府教幼字第1080293103號,府教特字第0930077949號,2004/04/23,彰化縣和美鎮和仁國民小學附設幼兒園,胡素慈,彰化縣,和美鎮,公立,[508]仁愛路279號,1樓,403.4平方公尺,149.4平方公尺,254平方公尺,(04)7575707,http://www.hres.chc.edu.tw/,30,,無,,無,無,yes
府教幼字第1110332420號,七三彰府教學字第97393號,1984/05/18,彰化縣和美鎮和美國民小學附設幼兒園,陳曉琪,彰化縣,和美鎮,公立,[508]和平街19號,1樓,912.24平方公尺,468.08平方公尺,444.16平方公尺,(04)7570856,,90,,無,,無,無,yes
府教幼字第1110332413號,彰府教國字第145652號,1993/07/10,彰化縣和美鎮培英國民小學附設幼兒園,蕭健治,彰化縣,和美鎮,公立,[508]彰新路五段310號,1樓、2樓,760.875平方公尺,438.25平方公尺,322.625平方公尺,(04)7552430#127,http://www.simplesite.com/builder/pages/preview3.aspx,60,,無,,無,無,yes
府教幼字第1120019278號,府社幼字第0990305867號,1994/10/11,彰化縣和美鎮立幼兒園,林庚壬,彰化縣,和美鎮,公立,[508]忠孝路329號,1樓、2樓、3樓,"1,949.08平方公尺",878.91平方公尺,245.18平方公尺,(04)7555965,,300,,無,,無,無,yes
府教幼字第1120019278A號,府社幼字第1010247674號,1994/10/11,彰化縣和美鎮立幼兒園源埤分班,,彰化縣,和美鎮,公立,[508]德南路250號,1樓、2樓,674.64平方公尺,302.26平方公尺,239.72平方公尺,(04)7512136,,90,,無,,無,無,yes
府教幼字第1120019278B號,和鎮人字第16279號,1994/10/11,彰化縣和美鎮立幼兒園犁盛分班,,彰化縣,和美鎮,公立,[508]東平路225巷9號,1樓,293.24平方公尺,210.17平方公尺,,(04)7555965,,30,,無,,無,無,yes
府教幼字第1120019278C號,和鎮人字第16279號,1994/10/11,彰化縣和美鎮立幼兒園柑井分班,,彰化縣,和美鎮,公立,[508]柑竹路331巷21號,2樓,746.6平方公尺,507.79平方公尺,238.81平方公尺,(04)7555965,,76,,無,,無,無,yes
府教幼字第1120019278D號,府教幼字第1110269248號,2022/08/05,彰化縣和美鎮立幼兒園嘉寶分班,,彰化縣,和美鎮,公立,[508]福北路217號,1樓、2樓、3樓,894.15平方公尺,803.13平方公尺,91.02平方公尺,(04)7353655,,60,,無,,無,無,yes
府教幼字第1070300363號,府教幼字第1050313534號,2016/08/29,彰化縣和美鎮大嘉國民小學附設幼兒園,張通信,彰化縣,和美鎮,公立,[508]彰和路3段50號,1樓,439.4平方公尺,139.4平方公尺,300平方公尺,(04)7552524#21,,30,,無,,無,無,yes
七四教五字第70582號,七四教五字第70582號,2020/12/01,國立和美實驗學校幼兒部,吳星宏,彰化縣,和美鎮,公立,[508]鹿和路六段115號,,,,,(04)7552009#203,,0,,無,,無,無,yes
府教幼字第1060343387號,府教特字第0920049881號,2003/05/02,彰化縣私立英倫幼兒園,葉惠玲,彰化縣,和美鎮,私立,[508]糖友二街1號,1樓至3樓,830.15平方公尺,601.55平方公尺,228.6平方公尺,(04)7368313,,96,"		",110-112,,有，人數：10,無,yes
府教幼字第1070305803號,府社幼字第0960043551號,2007/03/08,彰化縣私立發現藝術幼兒園,陳寶珠,彰化縣,和美鎮,私立,[508]忠誠路88號,1-2,828.89平方公尺,423.55平方公尺,108.5平方公尺,(04)7560716,http://findartkids.blogspot.com/,140,,110-112,,有，人數：35,無,yes
府教幼字第1110295797號,九0彰府社幼字第127450號,2001/07/20,彰化縣私立小太陽幼兒園,周冠伶,彰化縣,和美鎮,私立,[508]東萊路81巷32、34號,地上1層至地上3層,310.46平方公尺,133.37平方公尺,62.4平方公尺,(04)7364432,https://www.facebook.com/1010719LITTLESUN,55,"		",110-112,,無,有,yes
府教幼字第1010205801號,八八彰府社福字第140041號,1999/07/22,彰化縣私立史丹福幼兒園,黃士釗,彰化縣,和美鎮,私立,[508]仁美路47號,1-2,"2,564.38平方公尺",956平方公尺,"1,295.35平方公尺",(04)7562345,http://www.standfordenglish.com,200,"		",110-112,,有，人數：20,有,yes
府教幼字第1010205816號,府社幼字第0930002839號,2004/01/06,彰化縣私立巧宜家幼兒園,曾文信,彰化縣,和美鎮,私立,[508]西興路566號,地上1層至地上2層,"1,740.84平方公尺",356平方公尺,950平方公尺,(04)7587838,,120,"		",110-112,,無,無,yes
府教幼字第1010233504號,八九彰府社幼字第187904號,2000/10/04,彰化縣私立美爾頓幼兒園,陳慧貞,彰化縣,和美鎮,私立,[508]柑竹路62號、62-1號,1樓,"1,071.7平方公尺",151.25平方公尺,875.05平方公尺,(04)7575312,http://zx007jl@yahoo.com.tw,87,"		",無,,無,無,yes
府教幼字第1070127977號,八八彰府社福字第158013號,1999/08/21,彰化縣私立小叮噹幼兒園,陳麗親,彰化縣,和美鎮,私立,[508]忠勤路77號,一樓,"1,219平方公尺",233.3平方公尺,719.34平方公尺,(04)7571808,,200,,110-112,,無,無,yes
府教幼字第1010206374號,九0彰府社幼字第086522號,2001/05/15,彰化縣私立寶貝樂幼兒園,黃昭銘,彰化縣,和美鎮,私立,[508]和靖路60號,1樓、2樓、3樓,847.83平方公尺,381.48平方公尺,301.85平方公尺,(04)7576456,,160,,無,,無,無,yes
府教幼字第1070053949號,府社政字第0940130156號,2005/07/12,彰化縣私立聖保羅幼兒園,謝錫隆,彰化縣,和美鎮,私立,[508]和健路128號,1-3樓,"3,861.36平方公尺",959.56平方公尺,"2,153.43平方公尺",(04)7540598,http://sanpaulo.topschool.com.tw,423,"		",無,,有，人數：40,無,yes
府教幼字第1070306064號,府社幼字第0990217977號,2010/08/31,彰化縣私立惠兒園幼兒園,林庭緯,彰化縣,和美鎮,私立,[508]愛禮路3號,1-3,462.99平方公尺,196平方公尺,120平方公尺,(04)7563990,,90,,無,,有，人數：20,無,yes
府教幼字第1070056410號,七0彰府教國字第4021號,1981/04/13,彰化縣私立東陽幼兒園,陳煥生,彰化縣,和美鎮,私立,[508]東陽路7號,1樓至2樓,559平方公尺,172平方公尺,387平方公尺,(04)7350280,,90,"		",無,,無,無,yes
府教幼字第1030252074號,府社幼字第1000234214號,2011/07/11,彰化縣私立博思特幼兒園,蔡育薰,彰化縣,和美鎮,私立,[508]仁壽路142號,1樓、2樓、3樓,"1,149.91平方公尺",446.43平方公尺,322.47平方公尺,(04)7560995,,209,,110-112,,有，人數：49,無,yes
府教幼字第1010225367號,彰府社福字第40077號,1991/10/21,彰化縣私立晨光幼兒園,洪勝峰,彰化縣,和美鎮,私立,[508]義安路256巷11號,1樓,254.93平方公尺,109.2平方公尺,69.98平方公尺,(04)7558355,http://chernghang.woby.com.tw,72,,110-112,,無,無,yes
府教幼字第1070387306號,府社幼字第0950024306號,2006/02/07,彰化縣私立小博士幼兒園,趙梅梅,彰化縣,和美鎮,私立,[508]金馬路二段382號,1樓、2樓,"3,995.12平方公尺","2,195.57平方公尺","1,799.55平方公尺",(04)7332367,,460,"		",110-112,,無,無,yes
府教幼字第1090239710號,府社幼字第0940113679號,2005/06/17,彰化縣私立薇尼爾幼兒園,蕭欣慈,彰化縣,和美鎮,私立,[508]十茂路289號,1樓至2樓.,"2,005.06平方公尺",761.11平方公尺,714.28平方公尺,(04)7362233,http://wenial.topschool.com.tw,180,,無,,無,有,yes
府教幼字第1010317918號,彰府社福字第0314號,1984/01/17,彰化縣私立約克幼兒園,林麗菁,彰化縣,和美鎮,私立,[508]彰和路二段46、48號,1樓至3樓,"1,331.57平方公尺",205.62平方公尺,884平方公尺,(04)7354949,,110,"		",110-112,,有，人數：30,無,yes
府教幼字第1100064165號,府社幼字第0920111245號,2003/06/17,彰化縣私立米强生幼兒園,吳建鋐,彰化縣,和美鎮,私立,[508]美寮路一段431號,1至2樓,"3,065.26平方公尺","1,292.26平方公尺","1,773平方公尺",(04)7352758,,305,"		",110-112,,無,有,yes
府教幼字第1040171830號,府教幼字第1020192809號,2013/06/27,彰化縣私立彰化弘明幼兒園,羅光欣,彰化縣,和美鎮,私立,[508]彰新路三段122之1號,1樓、2樓,"1,119.99平方公尺",740.79平方公尺,379.2平方公尺,(04)7331058,chhold.mean@msa.hinet.net,120,,無,,無,無,yes
府教幼字第1110256587號,府教幼字第103035480號,2014/01/29,彰化縣私立探索東谷幼兒園,劉麗芬,彰化縣,和美鎮,私立,[508]東谷路47-25號,1樓至3樓,"2,235.99平方公尺","1,292.39平方公尺",943.6平方公尺,(04)7331330,,292,"		",110-112,,無,無,yes
府教幼字第1070383163號,府教幼字第1070383163號,2018/10/30,彰化縣私立和美保進幼兒園,許育綺,彰化縣,和美鎮,私立,[508]信陵路61號,1樓,"2,511.77平方公尺","1,190.65平方公尺","1,320.97平方公尺",(04)7566228,,318,"		",110-112,,無,有,yes
府教幼字第1110190366號,府教幼字第1110190366號,2022/05/27,彰化縣私立哈波特幼兒園,許育綺,彰化縣,和美鎮,私立,[508]東萊路426號,1樓、2樓、3樓,"1,713.86平方公尺","1,365.25平方公尺",348.61平方公尺,(04)7356116,,178,,111-112,,無,無,yes
府教幼字第1110244724號,府教幼字第1080264237號,2019/07/30,彰化縣大榮非營利幼兒園（委託社團法人彰化縣中華幼兒教保職涯發展協會辦理）,陳麗秋,彰化縣,和美鎮,非營利,[508]嘉佃路296號,,,,,(04)7515071,評鑑情形：,76,,無,,無,無,no
府教幼字第1120020119號,府社幼字第1000310073號,1995/12/27,彰化縣伸港鄉立幼兒園,黃永欽,彰化縣,伸港鄉,公立,[509]忠孝東街46號,1樓、2樓、3樓,"3,366.27平方公尺","1,155.9平方公尺",753.4平方公尺,(04)7991595,,390,"		",無,,無,無,yes
府教幼字第1010178876號,七三彰府教學字第141035號,1984/09/21,彰化縣私立台大幼兒園,林和生,彰化縣,伸港鄉,私立,[509]中山路102號,1樓,"1,103平方公尺",343.77平方公尺,583.44平方公尺,(04)7985832,,60,,無,,無,有,yes
府教幼字第1010114278號,府社幼字第0990149077號,2010/06/21,彰化縣私立幼愛幼兒園,李秋香,彰化縣,伸港鄉,私立,[509]中華路301、303號,1樓至2樓,255.87平方公尺,141.76平方公尺,32.25平方公尺,(04)7997038,,45,,無,,有，人數：10,無,yes
府教幼字第1070024697號,府社幼字第1000219654號,2011/06/29,彰化縣私立愛米亞幼兒園,林淑華,彰化縣,伸港鄉,私立,[509]建興三街18巷36號,1.2.3樓,314.85平方公尺,161.03平方公尺,33.76平方公尺,(04)7983378,,55,,無,,有，人數：15,無,yes
府教幼字第1010227826號,八七彰府社福字第161543號,1998/09/01,彰化縣私立富樂比幼兒園,黃永欽,彰化縣,伸港鄉,私立,[509]海尾路103之42號,1樓至2樓,580.74平方公尺,321平方公尺,210平方公尺,(04)7986699,http://tw.myblog.yahoo.com/floppy7986699/,110,"		",110-112,,無,有,yes
府教幼字第1010228332號,府社幼字第0940072864號,2005/04/25,彰化縣私立伸港大同幼兒園,黃武雄,彰化縣,伸港鄉,私立,[509]彰新路七段725號,1-3,266.98平方公尺,149.37平方公尺,39.98平方公尺,(04)7997555,,50,,110-112,,無,有,yes
府教幼字第1010227624號,九0彰府社幼字第188368號,2001/10/30,彰化縣私立亮亮幼兒園,許真紅,彰化縣,伸港鄉,私立,[509]公西街13號,一樓至二樓,966.98平方公尺,339.31平方公尺,343.08平方公尺,(04)7996077,http://liangliang.woby.tw/,120,,110-112,,無,無,yes
府教幼字第1010229963號,八八彰府社福字第079133號,1999/04/28,彰化縣私立育苗幼兒園,洪芳蓉,彰化縣,伸港鄉,私立,[509]新興路112巷30號,1樓,928.66平方公尺,164.3平方公尺,731.46平方公尺,(04)7992788,,60,"		",無,,無,無,yes
府教幼字第1010237880號,七三彰府教學字第75826號,1984/03/01,彰化縣私立梅花幼兒園,周啟銘,彰化縣,伸港鄉,私立,[509]泉州路92號,一樓,950平方公尺,187.3平方公尺,762.7平方公尺,(04)7981313,彰化縣伸港鄉泉州村泉州路92號,60,"		",無,,無,有,yes
府教幼字第1110133634號,府教幼字第1090068347號,2020/02/26,彰化縣私立森田國際幼兒園,黃武雄,彰化縣,伸港鄉,私立,[509]大同一街158號,3樓,"2,102.24平方公尺","1,241.04平方公尺",861.2平方公尺,(04)7998578,彰化縣伸港鄉新港村大同一街158號,299,"		",110-112,,無,有,yes
府教幼字第1090307175號,府教幼字第1090307175號,2020/08/26,彰化縣伸仁非營利幼兒園（委託社團法人大中華社會企業創新策略發展協會辦理）,李杰霖,彰化縣,伸港鄉,非營利,[509]曾家路3-15號,1樓、2樓、3樓,"1,622.67平方公尺","1,151.51平方公尺",471.16平方公尺,(04)7989927,評鑑情形：,106,,無,,無,無,no
府教幼字第1110332422號,八三彰府教國字第64626號,1994/03/15,彰化縣員林市靜修國民小學附設幼兒園,吳耀騰,彰化縣,員林市,公立,[510]靜修路74號,1樓,"1,927.43平方公尺",623.97平方公尺,"1,303.46平方公尺",(04)8318620,www.sjses.chc.edu.tw,60,,無,,無,無,yes
府教幼字第1060297171號,八六彰府教國字第049146號,1997/03/25,彰化縣員林市員東國民小學附設幼兒園,凃惠萍,彰化縣,員林市,公立,[510]員東路二段12號,1樓,634.69平方公尺,298平方公尺,336.69平方公尺,(04)8353192,http://www.ytes.chc.edu.tw/class/kid/index.htm,60,,無,,無,無,yes
府教幼字第1080071616號,府教特字第0920071657號,2003/04/18,彰化縣員林市僑信國民小學附設幼兒園,黃榮森,彰化縣,員林市,公立,[510]中山路二段280號,1樓、2樓,356.92平方公尺,198.17平方公尺,158.75平方公尺,(04)8320810#22,http://www.csps.chc.edu.tw,30,,無,,無,無,yes
府教幼字第1100285289號,八六彰府教國字第049146號,1997/03/25,彰化縣員林市饒明國民小學附設幼兒園,鄭權鑫,彰化縣,員林市,公立,[510]員集路二段131號,1樓,468.41平方公尺,261.86平方公尺,206.55平方公尺,(04)8319286,http://163.23.78.129/,46,,無,,無,無,yes
府教幼字第1080037645號,府社幼字第1000360534號,1994/11/25,彰化縣員林市立幼兒園,游振雄,彰化縣,員林市,公立,[510]員鹿路245巷110號,1樓、2樓,"3,483.65平方公尺",959.56平方公尺,"1,554.38平方公尺",(04)8352661,http://www.yuanlin.gov.tw/service/main2-12.asp,370,"		",無,,無,無,yes
府教幼字第1080037645B號,府社幼字第1000391306號,1994/11/25,彰化縣員林市立幼兒園大埔分班,,彰化縣,員林市,公立,[510]員大路二段46巷1弄10號,1樓,275平方公尺,144.5平方公尺,100平方公尺,(04)8334319,http://www.yuanlin.gov.tw/service/main2-12.asp,30,,無,,無,無,yes
府教幼字第1080037645E號,府社幼字第1000391305號,1994/11/25,彰化縣員林市立幼兒園西東分班,,彰化縣,員林市,公立,[510]浮圳路一段365巷56弄36號,1樓,263.5平方公尺,136平方公尺,111.6平方公尺,(04)8314771,http://www.yuanlin.gov.tw/service/main2-12.asp,30,,無,,無,無,yes
府教幼字第1080037645D號,府社幼字第1000391292號,1994/11/25,彰化縣員林市立幼兒園鎮興分班,,彰化縣,員林市,公立,[510]山腳路4段212號,1樓,267.84平方公尺,168平方公尺,,(04)8365965,,60,,無,,無,無,yes
府教幼字第1080037645F號,府社幼字第1000391303號,1994/11/25,彰化縣員林市立幼兒園東北分班,,彰化縣,員林市,公立,[510]山腳路六段47巷20號,1樓,355.04平方公尺,128平方公尺,127.44平方公尺,(04)8362040,,30,,無,,無,無,yes
府教幼字第1110244713號,府教幼字第1040350894號,2015/08/31,彰化縣員林市青山國民小學附設幼兒園,陳俊文,彰化縣,員林市,公立,[510]泉洲巷3號,1樓,691平方公尺,391平方公尺,300平方公尺,(04)8310401#703,https://chcses7.blogspot.tw/,46,,無,,無,無,yes
府教幼字第1070241710號,八九彰府教特字第157755號,2000/08/19,彰化縣私立艾奇德幼兒園,羅達仁,彰化縣,員林市,私立,[510]成功東路101號,1樓至2樓,"1,728.48平方公尺",884.01平方公尺,844.47平方公尺,(04)8368858,,131,,無,,無,無,yes
府教幼字第1010165652號,七四彰府教學字第124460號,1985/07/05,彰化縣私立名人幼兒園,賴坤甲,彰化縣,員林市,私立,[510]永興街181號,1,"1,326.7平方公尺",490.35平方公尺,836.35平方公尺,(04)8348246,,180,,110-112,,無,無,yes
府教幼字第1010240480號,府社幼字第0950111485號,2006/06/15,彰化縣私立一勤幼兒園,李麗娟,彰化縣,員林市,私立,[510]莒光路457巷3弄14、16號,1樓及2樓,123.08平方公尺,91.88平方公尺,31.2平方公尺,(04)8318517,http://tw.myblog.yahoo.com/jw!11WzbkCeGU_WPQ4..aIftcE-,35,,110-112,,無,無,yes
府教幼字第1010207065號,八八彰府社福字第6245號,1999/01/11,彰化縣私立大員林合家歡幼兒園,羅鍾錦,彰化縣,員林市,私立,[510]園林大街49號,1-2,303.91平方公尺,131.77平方公尺,86.07平方公尺,(04)8344689,hhh344689@yahoo.com.tw,40,,無,,無,無,yes
府教幼字第1010240521號,府社幼字第0980163821號,2009/07/15,彰化縣私立九個果子幼兒園,張主明,彰化縣,員林市,私立,[510]林森路338號,1樓、2樓、3樓,996.62平方公尺,283.25平方公尺,328.6平方公尺,(04)8398899,,170,,無,,有，人數：20,有,yes
府教幼字第1090204696號,府社幼字第0980139776號,2009/06/17,彰化縣私立陽明幼兒園,陳淑靖,彰化縣,員林市,私立,[510]員水路ㄧ段395號、397號,1樓至2樓,378.73平方公尺,182.63平方公尺,62.8平方公尺,(04)8355542,,50,,無,,有，人數：10,有,yes
府教幼字第1110062755號,八五彰府社福字第049712號,1996/03/25,彰化縣私立愛丁堡幼兒園,黃琳玲,彰化縣,員林市,私立,[510]浮圳路二段189號,1樓至2樓,"2,170.86平方公尺","1,219.89平方公尺",811.68平方公尺,(04)8368999,https://www.facebook.com/edinburgh168/?ref=bookmarks,360,,110-112,,無,無,yes
府教幼字第1010228370號,府社幼字第0930121860號,2004/06/29,彰化縣私立迪士尼莒光幼兒園,陳張素鳳,彰化縣,員林市,私立,[510]至善街115號,1樓至3樓,"2,779.19平方公尺","1,185.81平方公尺",759.65平方公尺,(04)8398888,http://disney-kids.woby.com.tw,300,"		",110-112,,無,有,yes
府教幼字第1010228293號,彰府民社字第016號,1970/05/24,彰化縣私立員林諾貝爾幼兒園,黃詩凌,彰化縣,員林市,私立,[510]中正路240巷51號,1樓,359.44平方公尺,118.22平方公尺,108.66平方公尺,(04)8324727,http://tw.myblog.yahoo.com/nobel-kindergarten,60,,無,,無,無,yes
府教幼字第1010225161號,八七彰府社福字第131552號,1998/07/20,彰化縣私立喜巧兒幼兒園,陳彥蓁,彰化縣,員林市,私立,[510]成功東路61號,一樓,"1,122.15平方公尺",303.44平方公尺,695.1平方公尺,(04)8319178,http:www.smart-castle.com.tw,100,,110-112,,無,無,yes
府教幼字第1010228275號,九0彰府社幼字第010736號,2001/01/10,彰化縣私立種籽蒙特梭利幼兒園,黃凱祥,彰化縣,員林市,私立,[510]大仁街55號,1樓、2樓,701.92平方公尺,301.65平方公尺,189.34平方公尺,(04)8318805,https://www.facebook.com/seedmontessori,90,,無,,無,無,yes
府教幼字第1010227563號,八五彰府社福字第005585號,1996/01/10,彰化縣私立育光幼兒園,徐世光,彰化縣,員林市,私立,[510]員水路二段421巷50號,1樓至2樓,"1,022.7平方公尺",415.7平方公尺,377平方公尺,(04)8342033,http://www.ykce.com.tw/,220,"		",無,,無,無,yes
府教幼字第1010227924號,府社幼字第09100166290號,2002/01/25,彰化縣私立惠泉幼兒園,徐世明,彰化縣,員林市,私立,[510]南平一街75號,1樓至3樓,"1,517.13平方公尺",479.65平方公尺,612.23平方公尺,(04)8350220,http://www.ykce.com.tw/,220,"		",無,,無,無,yes
府教幼字第1010227486號,九0彰府社幼字第018478號,2001/01/18,彰化縣私立大衛營幼兒園,劉景祺,彰化縣,員林市,私立,[510]忠孝街169號,1-2樓層,"1,676.84平方公尺",509.28平方公尺,467.08平方公尺,(04)8383852,cdes.ieschool.com.tw,180,,無,,無,無,yes
府教幼字第1010227939號,府社幼字第0950111480號,2006/06/15,彰化縣私立經典幼兒園,曾世君,彰化縣,員林市,私立,[510]大仁南街122號,1樓至3樓,"3,253.69平方公尺","1,190.28平方公尺","1,765.63平方公尺",(04)8358855,http://www.ykce.com.tw/,370,"		",無,,無,無,yes
府教幼字第1060182931號,彰府民社三字第006號,1952/11/01,彰化縣私立慈愛幼兒園,朱章銘,彰化縣,員林市,私立,[510]和平街20之1號,一樓至三樓,587.274平方公尺,236.26平方公尺,172.1平方公尺,(04)8320519,,80,"		",110-112,,無,無,yes
府教幼字第1010227553號,府社幼字第09101136470號,2002/06/20,彰化縣私立杜威幼兒園,宋櫻美,彰化縣,員林市,私立,[510]至平街11號,1樓,841.13平方公尺,286.74平方公尺,345.47平方公尺,(04)8385656,,120,,110-112,,無,無,yes
府教幼字第1010317914號,八七彰府社福字第136317號,1998/07/24,彰化縣私立迪士尼幼兒園,王美玉,彰化縣,員林市,私立,[510]忠孝街257號,1樓,"1,975.73平方公尺",471.03平方公尺,"1,364.9平方公尺",(04)8328882,http://disney-kids.woby.com.tw/,240,"		",110-112,,無,有,yes
府教幼字第1060296270號,府社幼字第1000400968號,2011/12/20,彰化縣私立微笑幼兒園,劉美鈴,彰化縣,員林市,私立,[510]員水路一段451、453號,1樓至2樓,"1,988.55平方公尺",186.345平方公尺,"1,664.55平方公尺",(04)8316111,,90,,無,,有，人數：20,無,yes
府教幼字第1010321694號,府社幼字第0950131108號,2006/07/10,彰化縣私立愛婗幼兒園,許嘉洛,彰化縣,員林市,私立,[510]和平東街34號,1樓至2樓,147.29平方公尺,36.83平方公尺,66.61平方公尺,(04)8351914,,20,,110-112,,無,無,yes
府教幼字第1090194899號,八九彰府社幼字第140574號,2000/07/26,彰化縣私立樂育幼兒園,施莉鈴,彰化縣,員林市,私立,[510]建國路173號,1樓至3樓,"1,379.1平方公尺",471.2平方公尺,375.41平方公尺,(04)8321105,,187,"		",110-112,,無,無,yes
府教幼字第1010265181號,八九彰府社福字第77998號,2000/04/27,彰化縣私立勁寶兒東興幼兒園,江李秀娥,彰化縣,員林市,私立,[510]南潭路69巷6弄8號,1樓、1樓至2樓,163平方公尺,78.48平方公尺,67.2平方公尺,(04)8390687,,41,,無,,無,無,yes
府教幼字第1030386758號,府教幼字第1030010358號,2014/01/09,彰化縣私立員林保進幼兒園,竇瑜芬,彰化縣,員林市,私立,[510]育英路647號,1樓至2樓,"1,206.36平方公尺",475.69平方公尺,715.67平方公尺,(04)8393580,http://blog.xuite.net/bowjinn.3580,106,"		",110-112,,無,無,yes
府教幼字第1090454085號,府教幼字第1070363053號,2018/10/24,彰化縣私立福瑞斯特國際藝術幼兒園,竇瑜芬,彰化縣,員林市,私立,[510]員林大道三段106號,1樓、2樓,"2,101.66平方公尺",996.38平方公尺,"1,105.28平方公尺",(04)8358775,https://zh-tw.facebook.com/forestry001/,249,"		",110-112,,無,無,yes
府教幼字第1080070545號,府教幼字第1080070545號,2019/03/13,彰化縣私立四季熊幼兒園,賴宜樺,彰化縣,員林市,私立,[510]復興五街116號,2樓,"1,513.18平方公尺",883.69平方公尺,629.49平方公尺,(04)8339996,fsb20181010@gmail.com,218,"		",110-112,,無,無,yes
府教幼字第1080015347號,七五彰府教國字第143136號,1986/10/06,彰化縣私立同心幼兒園,溫秀蓉,彰化縣,員林市,私立,[510]員林大道六段298號,1樓,556.79平方公尺,301.68平方公尺,255.11平方公尺,(04)8395511,,80,,110-112,,無,有,yes
府教幼字第1100254628號,八八彰府社福字第069003號,1999/04/15,國立員林家商員工子女非營利幼兒園（委託有限責任國立員林高級家事商業職業學校員生消費合作社辦理）,梁榕薇,彰化縣,員林市,非營利,[510]萬年路一段245號,1樓、2樓、3樓,"5,061.74平方公尺","2,316.5平方公尺",429.2平方公尺,(04)8334613,https://www.ylhcvs.chc.edu.tw/ischool/publish_page/12/,400,,無,,無,無,no
府教幼字第1090274822號,府教幼字第1090274822號,2020/08/26,彰化縣育英非營利幼兒園（委託社團法人彰化縣全方位教育協會辦理）,梁嫣玲,彰化縣,員林市,非營利,[510]光明街31號,1樓、2樓、3樓,"1,231.36平方公尺",875.38平方公尺,355.98平方公尺,(04)8367252,評鑑情形：,106,,無,,無,無,no
府教幼字第1100249545號,府教幼字第1100249545號,2021/07/20,彰化縣明倫非營利幼兒園（委託社團法人彰化縣親職福利服務協會辦理）,謝靜滿,彰化縣,員林市,非營利,[510]明倫路2-1號,1樓,"1,252.94平方公尺",688.94平方公尺,564平方公尺,(04)8361581,https://www.facebook.com/minglunnpp/,90,,無,,無,無,no
府教幼字第1080293130號,府教特字第0910068582-1號,2002/04/17,彰化縣社頭鄉崙雅國民小學附設幼兒園,楊万興,彰化縣,社頭鄉,公立,[511]員集路一段615號,1樓,"2,092.6平方公尺",206平方公尺,"1,886.6平方公尺",(04)8710945#720,http://www.lyps.chc.edu.tw/,30,,無,,無,無,yes
府教幼字第1110244720號,府教特字第0920071657號,2003/04/18,彰化縣社頭鄉社頭國民小學附設幼兒園,吳明德,彰化縣,社頭鄉,公立,[511]社斗路一段258號,1樓,467.72平方公尺,317.92平方公尺,149.8平方公尺,(04)8732039#18,http://www.stps.chc.edu.tw/,46,,無,,無,無,yes
府教幼字第1110241685號,府教特字第0920071657號,2003/04/18,彰化縣社頭鄉橋頭國民小學附設幼兒園,蔡幸娟,彰化縣,社頭鄉,公立,[511]員集路三段528號,1樓,500.99平方公尺,310.99平方公尺,190平方公尺,(04)8731265#21,http://www.ctps.chc.edu.tw,46,,無,,無,無,yes
府教幼字第1120020003號,府社幼字第1000058995號,1976/07/01,彰化縣社頭鄉立幼兒園,蕭浚二,彰化縣,社頭鄉,公立,[511]山腳路一段466巷190號,1樓、2樓,"2,999.22平方公尺","1,159.98平方公尺",443.47平方公尺,(04)8724921,http://tw.myblog.yahoo.com/st8738520-8724921,315,"		",無,,無,無,yes
府教幼字第1120020003A號,府社幼字第1000391308號,1976/07/01,彰化縣社頭鄉立幼兒園協和分班,,彰化縣,社頭鄉,公立,[511]山腳路四段252巷27號,1樓,388.87平方公尺,206.9平方公尺,112.61平方公尺,(04)8739129,http://tw.myblog.yahoo.com/st8738520-8724921,40,,無,,無,無,yes
八六教一字第12893號,八六教一字第12893號,1997/07/17,國立彰化特殊教育學校幼兒部,陳素雲,彰化縣,社頭鄉,公立,[511]中山路1段306號,,,,,(04)8727303,,0,,無,,無,無,yes
府教幼字第1010051471號,府教幼字第1010051471號,2012/02/29,彰化縣私立小學儒品格幼兒園,施東榮,彰化縣,社頭鄉,私立,[511]民生路512號,1樓層,"1,326.486平方公尺",341.526平方公尺,984.96平方公尺,(04)8736622,,78,"		",110-112,,無,有,yes
府教幼字第1010228488號,八九彰府社幼字第164734號,2000/09/02,彰化縣私立大自然幼兒園,劉文海,彰化縣,社頭鄉,私立,[511]民生路396號,地上1層,903.52平方公尺,299.83平方公尺,414.2平方公尺,(04)8720937,http://bn8720937.myweb.hinet.net,120,,無,,無,無,yes
府教幼字第1010228495號,府社幼字第0930017703號,2004/01/30,彰化縣私立社頭小太陽幼兒園,陳萬國,彰化縣,社頭鄉,私立,[511]社石路760巷25弄26號,1,"1,180.22平方公尺",411.35平方公尺,653.58平方公尺,(04)8723146,http://sun.topschool.com.tw,120,,110-112,,無,無,yes
府教幼字第1020391727號,府社幼字第1000202228號,2011/06/08,彰化縣私立精英幼兒園,江紹瑜,彰化縣,社頭鄉,私立,[511]中山路一段636號,一樓,970平方公尺,364平方公尺,206平方公尺,(04)8711815,http://www.bowjinn.1815.com.tw,162,"		",110-112,,無,無,yes
府教幼字第1010238624號,府社幼字第0920089146號,2003/05/14,彰化縣私立資優幼兒園,蕭春美,彰化縣,社頭鄉,私立,[511]民權路105號、9鄰民權路111巷7號,一樓至二樓,"1,669.22平方公尺",296.99平方公尺,"1,239平方公尺",(04)8738735,http://eschool.ylkc.com.tw/profile.asp?sID=1453&sItem=999,197,"		",無,,有，人數：20,無,yes
府教幼字第1100468453號,七四彰府教學字第136063號,1985/08/09,彰化縣永靖鄉永靖國民小學附設幼兒園,蘇月妙,彰化縣,永靖鄉,公立,[512]中山路二段65號,1樓,438.55平方公尺,216.5平方公尺,222.05平方公尺,(04)8221812#712,http://www.yces.chc.edu.tw/,30,,無,,無,無,yes
府教幼字第1120019205號,府社幼字第1000266927號,1994/10/01,彰化縣永靖鄉立幼兒園,魏碩衛,彰化縣,永靖鄉,公立,[512]永社路267號,1樓、2樓,"5,022.58平方公尺",823.08平方公尺,"2,834.67平方公尺",(04)8238746,,220,"		",無,,無,無,yes
府教幼字第1010118432號,彰府教學字第167942號,1983/12/29,彰化縣私立寶寶幼兒園,劉啟億,彰化縣,永靖鄉,私立,[512]永西路29號,1樓,"1,474平方公尺",264平方公尺,589.6平方公尺,(04)8223401,tw.myblog.yahoo.com/chiang_limin,120,"		",無,,無,無,yes
府教幼字第1010228451號,九0彰府社幼字第021942號,2001/01/31,彰化縣私立永靖安琪爾幼兒園,林惠英,彰化縣,永靖鄉,私立,[512]永興路二段159之4號,1-2,219.92平方公尺,84.22平方公尺,85.02平方公尺,(04)8239493,,48,,110-112,,有，人數：8,無,yes
府教幼字第1060199023號,府社幼字第0940099084號,2005/05/27,彰化縣私立東森幼兒園,王麗華,彰化縣,永靖鄉,私立,[512]永坡路202號,1,"2,570.07平方公尺",397.45平方公尺,"1,928.95平方公尺",(04)8222292,https://www.facebook.com/dongson512,180,,110-112,,有，人數：20,無,yes
府教幼字第1110274806號,府社幼字第0930141947號,2004/07/26,彰化縣私立望達福幼兒園,陳貞羽,彰化縣,永靖鄉,私立,[512]西門路206號,1樓至3樓,"1,734.76平方公尺",827.68平方公尺,907.08平方公尺,(04)8224236,http//wonderful.woby.com.tw,172,"		",110-112,,無,有,yes
府教幼字第1080363529號,府社幼字第0940013406號,2005/01/21,彰化縣私立溫徹斯特幼兒園,邱淑汝,彰化縣,永靖鄉,私立,[512]瑚璉路167巷10號,1樓至3樓,"1,020.99平方公尺",460.78平方公尺,255.21平方公尺,(04)8243355,https://www.facebook.com/profile.php?id=100063684354141,147,"		",110-112,,無,有,yes
府教幼字第1080383218號,府社幼字第0920051693號,2003/03/21,彰化縣私立寶貝幼兒園,林素華,彰化縣,永靖鄉,私立,[512]瑚璉路140巷26號,1樓,"1,115.468平方公尺",296.858平方公尺,704.62平方公尺,(04)8239161,http://baby.kindergarten.org.tw,140,,110-112,,無,無,yes
府教幼字第1060434740號,八八彰府社福字第149158號,1999/08/06,彰化縣私立強森永靖幼兒園,侯綾珛,彰化縣,永靖鄉,私立,[512]永寧街46巷20號,1樓至3樓,"1,188.74平方公尺",729.64平方公尺,459.1平方公尺,(04)8220957,http://無,133,,110-112,,無,無,yes
府教幼字第1090119663號,府教幼字第1080264238號,2019/07/30,彰化縣福德非營利幼兒園（委託社團法人彰化縣中華幼兒教保職涯發展協會辦理）,陳麗秋,彰化縣,永靖鄉,非營利,[512]福德巷36號,1樓、2樓,541.19平方公尺,305.19平方公尺,236平方公尺,(04)8239800,評鑑情形：,60,,無,,無,無,no
府教幼字第1100236629號,府教幼字第1100236629號,2021/07/05,彰化縣永興非營利幼兒園（委託社團法人彰化縣中華幼兒教保職涯發展協會辦理）,陳麗秋,彰化縣,永靖鄉,非營利,[512]永興路二段32號,1樓,435平方公尺,202平方公尺,233平方公尺,(04)8239338,https://reurl.cc/7386GQ,60,,無,,無,無,no
府教幼字第1120020117號,府社幼字第1000204722號,1994/10/03,彰化縣埔心鄉立幼兒園,張佩瑩,彰化縣,埔心鄉,公立,[513]太平路336號,1樓、2樓,"4,082.66平方公尺","1,020.35平方公尺","1,049平方公尺",(04)8242191,https://zh-tw.facebook.com/埔心鄉立幼兒園-144471902263973/,400,"		",無,,無,無,yes
府教幼字第1010166988號,彰府教學字第75293號,1985/02/04,彰化縣私立永安幼兒園,蕭美惠,彰化縣,埔心鄉,私立,[513]信義路123號,1樓,471.08平方公尺,171.08平方公尺,300平方公尺,(04)8294776,,60,"		",110-112,,無,有,yes
府教幼字第1010229959號,九0彰府社幼字第016027號,2001/01/16,彰化縣私立小牛津幼兒園,張惟淑,彰化縣,埔心鄉,私立,[513]中正路一段380巷37號,1樓至2樓,638.43平方公尺,233.17平方公尺,355平方公尺,(04)8280640,,72,"		",110-112,,無,無,yes
府教幼字第1080392715號,府教幼字第1080392715號,2019/11/05,彰化縣私立天晴幼兒園,許晋維,彰化縣,埔心鄉,私立,[513]員鹿路四段269巷108號,1樓,945.66平方公尺,603.89平方公尺,341.77平方公尺,(04)8296778,,106,,110-112,,無,無,yes
府教幼字第1120029546號,府教幼字第1050255674號,2016/07/26,彰化縣梧鳳非營利幼兒園（委託財團法人亞洲大學辦理）,,彰化縣,埔心鄉,非營利,[513]大溪路三段175號,1樓,864.2平方公尺,569.33平方公尺,294.87平方公尺,(04)8284291,評鑑情形：,90,"		",無,,無,無,no
府教幼字第1070067145號,六六彰府教國字第63302號,1977/07/04,彰化縣溪湖鎮湖東國民小學附設幼兒園,王麗惠,彰化縣,溪湖鎮,公立,[514]大溪路二段423號,1樓,"1,342.36平方公尺",670.36平方公尺,672平方公尺,(04)8852062#21,,30,,無,,無,無,yes
府教幼字第1110332425號,彰府教國字第61888號,1974/08/01,彰化縣溪湖鎮溪湖國民小學附設幼兒園,吳建賢,彰化縣,溪湖鎮,公立,[514]二溪路一段35號,1樓,944.69平方公尺,343.49平方公尺,601.2平方公尺,(04)8853126#235,http://www.shps.chc.edu.tw/,76,,無,,無,無,yes
府教幼字第1100297260號,府教特字第0980330327號,2010/01/05,彰化縣溪湖鎮湖北國民小學附設幼兒園,莊世雄,彰化縣,溪湖鎮,公立,[514]地政路201號,1樓,545.43平方公尺,318.42平方公尺,227.01平方公尺,(04)8827530,http://tw.class.urlifelinks.com/class/?csid=css000000122201,30,,無,,無,無,yes
府教幼字第1120020118號,彰溪華人字第13117號,1994/11/28,彰化縣溪湖鎮立幼兒園,何炳樺,彰化縣,溪湖鎮,公立,[514]湳底路16之30號,1樓,"11,098.26平方公尺","1,073.3平方公尺","6,407.86平方公尺",(04)8817180,,300,"		",無,,無,無,yes
府教幼字第1010118443號,七一彰府教國字第54560號,1982/03/18,彰化縣私立成功幼兒園,施成翰,彰化縣,溪湖鎮,私立,[514]培英三街32號,1樓至2樓,364.77平方公尺,280.83平方公尺,83.94平方公尺,(04)8810222,http://222.woby.com.tw,90,,無,,無,有,yes
府教幼字第1010166330號,七二彰府教學字第11299號,1983/07/21,彰化縣私立安迪生幼兒園,洪淑麗,彰化縣,溪湖鎮,私立,[514]平等街45號,1樓,"1,162平方公尺",131.62平方公尺,803平方公尺,(04)8826112,,120,"		",110-112,,無,無,yes
府教幼字第1010227531號,府社幼字第0960140643號,2007/07/16,彰化縣私立名晟幼兒園,康秀呈,彰化縣,溪湖鎮,私立,[514]大溪路ㄧ段815巷405號,1樓至2樓,"1,303.66平方公尺",129.18平方公尺,990平方公尺,(04)8817709,http：//tw.myblog.yhoo.com/keke8817709,50,,110-112,,無,無,yes
府教幼字第1010228503號,八九彰府社幼字第175662號,2000/09/18,彰化縣私立彩虹屋幼兒園,楊淑芳,彰化縣,溪湖鎮,私立,[514]大公路237號,1樓、2樓,779.16平方公尺,281.7平方公尺,270平方公尺,(04)8826839,,150,"		",110-112,,無,無,yes
府教幼字第1040424264號,七一彰府教國字第73948號,1982/06/09,彰化縣私立西門幼兒園,楊善博,彰化縣,溪湖鎮,私立,[514]大公路16號,1,"1,042.26平方公尺",378.26平方公尺,664平方公尺,(04)8853556,http://www.simenkid.com,90,"		",無,,無,無,yes
府教幼字第1010229990號,府社幼字第09101403210號,2002/07/30,彰化縣私立鉅陽幼兒園,王秀美,彰化縣,溪湖鎮,私立,[514]福地一街8號,一樓,801.54平方公尺,203.82平方公尺,495.09平方公尺,(04)8825557,www.abc-juyang.org.tw/,60,,110-112,,無,無,yes
府教幼字第1090212724號,府社幼字第0980177940號,2009/07/27,彰化縣私立溪湖保進幼兒園,葉素妃,彰化縣,溪湖鎮,私立,[514]福德路48號,1-2,866.34平方公尺,352.9平方公尺,160平方公尺,(04)8612900,http://blog.xuite.net/bowjinn.2900/news,140,"		",110-112,,無,有,yes
府教幼字第1100250541號,府社幼字第0940240365號,2005/12/12,彰化縣私立教育家幼兒園,賴瑞梅,彰化縣,溪湖鎮,私立,[514]青雅路181巷68號,1樓至2樓,640.95平方公尺,170.31平方公尺,197.35平方公尺,(04)8816911,,140,"		",無,,無,無,yes
府教幼字第1010229937號,九0彰府社幼字第228548號,2001/12/28,彰化縣私立空間幼兒園,蔡弘選,彰化縣,溪湖鎮,私立,[514]富德街136號,1樓至2樓,956.28平方公尺,187平方公尺,458.32平方公尺,(04)8852345,https://space.topschool.tw/Home/Main,124,"		",無,,無,有,yes
府教幼字第1110267503號,彰府民社三字第79051號,1968/12/16,彰化縣私立天民幼兒園,謝聖惠,彰化縣,溪湖鎮,私立,[514]員鹿路三段279號,1-2樓,881.96平方公尺,298.12平方公尺,206平方公尺,(04)8851853,,140,"		",111-112,,無,無,yes
府教幼字第1100353313號,府社幼字第0950124143號,2006/06/30,彰化縣私立綠太陽幼兒園,吳泓熾,彰化縣,溪湖鎮,私立,[514]行政街119巷31號,1樓、2樓,976.72平方公尺,615.92平方公尺,360.8平方公尺,(04)8811778,,140,,110-112,,無,無,yes
府教幼字第1010384975號,彰府社福字第35號,1982/11/11,彰化縣私立志安幼兒園,張秋寅,彰化縣,溪湖鎮,私立,[514]頂新街11號,1樓,"1,540.4平方公尺",482.4平方公尺,960平方公尺,(04)8856806,http://jyh-an.topschool.com.tw,120,"		",無,,無,無,yes
府教幼字第1080256951號,府教幼字第1070059353號,2018/02/22,彰化縣私立昕鉅陽幼兒園,王秀美,彰化縣,溪湖鎮,私立,[514]大溪路一段815巷368號,1樓、2樓,"1,908.78平方公尺","1,170.17平方公尺",738.61平方公尺,(04)8816920,,196,,110-112,,無,有,yes
府教幼字第1110244723號,府教幼字第1090261546號,2020/07/27,彰化縣湖南非營利幼兒園（委託社團法人彰化縣劍橋社會關懷協會辦理）,黃明昌,彰化縣,溪湖鎮,非營利,[514]彰水路二段725號,1樓,"1,077.35平方公尺",399.75平方公尺,677.6平方公尺,(04)8855673,彰化縣溪湖鎮大竹里彰水路二段725號,106,,無,,無,無,no
府教幼字第1110191389號,府教幼字第1110191389號,2022/06/14,彰化縣湖西非營利幼兒園（委託社團法人彰化縣全方位教育協會辦理）,梁嫣玲,彰化縣,溪湖鎮,非營利,[514]北聖路20號,1樓,613.62平方公尺,338.62平方公尺,275平方公尺,(04)8852691,評鑑情形：,76,,無,,無,無,no
府教幼字第1120018922號,府社幼字第1000378569號,1994/10/15,彰化縣大村鄉立幼兒園,賴志銘,彰化縣,大村鄉,公立,[515]中正東路98巷2號,1樓、2樓,572.4平方公尺,114.9平方公尺,346.4平方公尺,(04)8531799,,60,,無,,無,無,yes
府教幼字第1120018922A號,府社幼字第1000378568號,1994/10/15,彰化縣大村鄉立幼兒園大村分班,,彰化縣,大村鄉,公立,[515]中正西路381號,1樓,278.63平方公尺,156.98平方公尺,76.45平方公尺,(04)8529788,,60,,無,,無,無,yes
府教幼字第1120018922B號,大鄉人字第11126號,1994/10/15,彰化縣大村鄉立幼兒園大村一分班,,彰化縣,大村鄉,公立,[515]茄苳路一段203號,1樓,172.15平方公尺,96.79平方公尺,40.75平方公尺,(04)8534819,,30,,無,,無,無,yes
府教幼字第1120018922C號,府社幼字第1000378556號,1994/10/15,彰化縣大村鄉立幼兒園加錫分班,,彰化縣,大村鄉,公立,[515]加錫二巷16之3號,2樓,283.49平方公尺,137.98平方公尺,,(04)8526848,,30,,無,,無,無,yes
府教幼字第1120018922D號,府社幼字第1000402141號,1994/10/15,彰化縣大村鄉立幼兒園茄苳分班,,彰化縣,大村鄉,公立,[515]茄苳路二段141巷31號,1樓、2樓,420.1平方公尺,262.24平方公尺,79.5平方公尺,(04)8528061,,60,,無,,無,無,yes
府教幼字第1120018922E號,府社幼字第1000378570號,1994/10/15,彰化縣大村鄉立幼兒園平和分班,,彰化縣,大村鄉,公立,[515]聖瑤東路77號,1樓、2樓,738.99平方公尺,181平方公尺,455.24平方公尺,(04)8527830,,60,,無,,無,無,yes
府教幼字第1120018922F號,大鄉人字第11126號,1994/10/15,彰化縣大村鄉立幼兒園擺塘分班,,彰化縣,大村鄉,公立,[515]擺塘橫巷1之1號,1樓、2樓,355.1平方公尺,164.57平方公尺,127.2平方公尺,(04)8531911,,60,,無,,無,無,yes
府教幼字第1090219801號,府教幼字第1010040164號,2012/02/17,彰化縣私立日光幼兒園,翁家駿,彰化縣,大村鄉,私立,[515]仁愛街89號,1-3,503.23平方公尺,387.31平方公尺,115.92平方公尺,(04)8537808,http://blog.yam.com/sun8537808&act=profile,76,,110-112,,有，人數：11,有,yes
府教幼字第1010229966號,府社幼字第0930016302號,2004/01/29,彰化縣私立喬森幼兒園,陳昕平,彰化縣,大村鄉,私立,[515]南二橫巷12之26號,地上1至3層,"1,265.03平方公尺",437.47平方公尺,584.95平方公尺,(04)8536057,http://joson.topschool.com.tw/,130,"		",110-112,,有，人數：30,有,yes
府教幼字第1040176831號,九0彰府社幼字第101215號,2011/06/11,彰化縣私立芝麻街大村幼兒園,粘秀香,彰化縣,大村鄉,私立,[515]貢旗二巷2之12號,1,"1,043.75平方公尺",143.56平方公尺,837.32平方公尺,(04)8520369,www.wretch.cc/blog/a686740,60,,110-112,,無,無,yes
府教幼字第1100165461號,府社幼字第09102459160號,2002/12/31,彰化縣私立大村鵝媽媽幼兒園,王淑華,彰化縣,大村鄉,私立,[515]中山路二段224之3號、224之5號、224之7號,1樓,901平方公尺,258.6平方公尺,576平方公尺,(04)8520248,,138,,110-112,,有，人數：18,無,yes
府教幼字第1010317920號,府社幼字第0930019223號,2004/02/03,彰化縣私立快樂寶貝幼兒園,郭茂己,彰化縣,大村鄉,私立,[515]大智路ㄧ段52號,1樓至2樓,"1,751.66平方公尺",618.1平方公尺,912.82平方公尺,(04)8531831,http://happy-baby.woby.com.tw/,130,"		",無,,無,無,yes
府教幼字第1010321672號,府社幼字第0940019870號,2005/01/28,彰化縣私立大村安麒兒幼兒園,洪正忠,彰化縣,大村鄉,私立,[515]加旗巷251號,1樓至2樓,"2,871.05平方公尺",517.72平方公尺,"1,815.07平方公尺",(04)8520929,http://yoyokids.ebc.net.tw/kidsMaster.htm?kd=ETY119,260,"		",110-112,,有，人數：65,無,yes
府教幼字第1090141197號,府教幼字第1020376518號,2013/11/29,彰化縣私立快樂寶貝中正幼兒園,楊弘俊,彰化縣,大村鄉,私立,[515]中正西路280巷2弄53號,1樓至2樓,"1,505.77平方公尺",490.02平方公尺,664.25平方公尺,(04)8531831,http://happy-baby.woby.tw/,87,,無,,有，人數：43,無,yes
府教幼字第1090188401號,府教幼字第1070261782號,2018/07/31,彰化縣大西非營利幼兒園（委託社團法人彰化縣樂說多元專業服務發展協會辦理）,劉玉珊,彰化縣,大村鄉,非營利,[515]大崙路10-55號,1樓、2樓,595.9平方公尺,345平方公尺,250.9平方公尺,(04)8536381,評鑑情形：,60,,無,,無,無,no
府教幼字第1110332427號,七0彰府教國字第89776號,1981/08/04,彰化縣埔鹽鄉好修國民小學附設幼兒園,趙千慧,彰化縣,埔鹽鄉,公立,[516]員鹿路二段149號,1樓,401.96平方公尺,213.46平方公尺,188.5平方公尺,(04)8658852#170,,46,,無,,無,無,yes
府教幼字第1080043295號,府社幼字第1000206324號,1994/10/07,彰化縣埔鹽鄉立幼兒園,許文萍,彰化縣,埔鹽鄉,公立,[516]大新路1巷12之8號,1樓、2樓、3樓,"4,063.29平方公尺","1,332.3平方公尺","1,477平方公尺",(04)8658724,,400,"		",無,,無,無,yes
府教幼字第1020202330號,府社幼字第0930173969號,2004/09/08,彰化縣私立巧冠幼兒園,梁志銘,彰化縣,埔鹽鄉,私立,[516]中山路473號,1-3樓,"1,133.41平方公尺",446.07平方公尺,343.67平方公尺,(04)8659356,,225,"		",110-112,,有，人數：45,無,yes
府教幼字第1010237975號,府社幼字第0920025228號,2003/02/13,彰化縣私立獅子王幼兒園,陳茙榆,彰化縣,埔鹽鄉,私立,[516]員鹿路二段18號,1,234.72平方公尺,105.87平方公尺,104.05平方公尺,(04)8658469,,59,,110-112,,無,無,yes
府教幼字第1110336944號,府教幼字第1110336944號,2022/09/14,彰化縣私立惠來熊國際蒙特梭利幼兒園,翁兆一,彰化縣,埔鹽鄉,私立,[516]彰水路一段9-20號,1樓,"2,393.39平方公尺","1,174.22平方公尺","1,219.17平方公尺",(04)8820121,https://www.welcomebear.org.tw/index_tw.php,228,,無,,無,無,yes
府教幼字第1090289717號,七三彰府教學字第97393號,1984/05/18,彰化縣田中鎮田中國民小學附設幼兒園,温景成,彰化縣,田中鎮,公立,[520]中州路一段177號,1樓,"1,426.78平方公尺",581.58平方公尺,845.2平方公尺,(04)8742013#775,http://www.tjes.chc.edu.tw/,120,,無,,無,無,yes
府教幼字第1120019209號,府社幼字第1000392534號,1994/11/02,彰化縣田中鎮立幼兒園,蕭淑芬,彰化縣,田中鎮,公立,[520]新聖路1號,1樓,327.44平方公尺,167.84平方公尺,84.73平方公尺,(04)8753095,http://www.tienchun.gov.tw,240,"		",無,,無,無,yes
府教幼字第1070145862號,彰府教學字第163370號,1983/12/09,彰化縣私立重愛幼兒園,陳董美齡,彰化縣,田中鎮,私立,[520]酪農路185號,1樓至2樓,"3,189.82平方公尺",683.42平方公尺,"2,506.4平方公尺",(04)8750505,http://jongan.woby.com.tw/,158,"		",無,,無,無,yes
府教幼字第1010229998號,府社幼字第0920061628號,2003/04/04,彰化縣私立田中成長幼兒園,危智明,彰化縣,田中鎮,私立,[520]中山街256巷61號,1至3樓,235.52平方公尺,62平方公尺,80平方公尺,(04)8746858,,40,,110-112,,無,無,yes
府教幼字第1070260789號,彰府社福字第212726號,1993/12/16,彰化縣私立愛笛兒幼兒園,陳鴻鈴,彰化縣,田中鎮,私立,[520]中山街173巷12號,1樓、2樓,490.54平方公尺,202.48平方公尺,288.06平方公尺,(04)8754680,,60,,110-112,,無,無,yes
府教幼字第1100296358號,社三字第020號,1963/07/08,彰化縣私立榮星幼兒園,許培銘,彰化縣,田中鎮,私立,[520]復興路788號,1樓至2樓,"1,307.18平方公尺",302.55平方公尺,661.48平方公尺,(04)8740727,,155,"		",無,,無,無,yes
府教幼字第1010237846號,府社幼字第0930143695號,2004/07/28,彰化縣私立陳姊姊幼兒園,陳來滿,彰化縣,田中鎮,私立,[520]福安路310巷31號,1樓至3樓,417.89平方公尺,281.38平方公尺,60.92平方公尺,(04)8763090,http://sites.google.com/site/sisterchen168/,80,,無,,有，人數：20,無,yes
府教幼字第1030132891號,府社幼字第09100199020號,2002/01/30,彰化縣私立向上心幼兒園,張春娥,彰化縣,田中鎮,私立,[520]興工路345號,1樓、2樓,"1,887.23平方公尺",714.7平方公尺,938.94平方公尺,(04)8755556,http://www.succeed.com.tw,110,"		",無,,有，人數：19,無,yes
府教幼字第1110398731號,府教幼字第1110155755號,2022/05/09,彰化縣私立向上心幼兒園向上分班,,彰化縣,田中鎮,私立,[520]中南路三段357號,1樓,780.76平方公尺,182.57平方公尺,598.19平方公尺,(04)8755575,http://www.succeed.com.tw,45,,無,,無,無,yes
府教幼字第1010238776號,八八彰府社福字第6252號,1999/01/11,彰化縣私立嘉貝幼兒園,林松翰,彰化縣,田中鎮,私立,[520]公園街238號,1樓至2樓,576.84平方公尺,278.06平方公尺,178平方公尺,(04)8746537,,100,,110-112,,有，人數：30,無,yes
府教幼字第1100236642號,府教幼字第1100236642號,2021/07/05,彰化縣三潭非營利幼兒園（委託社團法人彰化縣愛兒教育協會辦理）,陳韶聿,彰化縣,田中鎮,非營利,[520]中正路715號,1樓、2樓,929.43平方公尺,655.17平方公尺,274.26平方公尺,(04)8752015,評鑑情形：,90,,無,,無,無,no
府教幼字第1040344544號,七三彰府教學字第97393號,1984/05/18,彰化縣北斗鎮北斗國民小學附設幼兒園,林旻賜,彰化縣,北斗鎮,公立,[521]文苑路一段32號,1樓、2樓,953.8675平方公尺,292.8平方公尺,475.4675平方公尺,(04)8882008#24,http://www.bdes.chc.edu.tw/,60,,無,,無,無,yes
府教幼字第1120019077號,府社幼字第1000393418號,1994/10/01,彰化縣北斗鎮立幼兒園,李玄在,彰化縣,北斗鎮,公立,[521]光復路365號,1樓、2樓,"2,566.2平方公尺","1,906.2平方公尺",660平方公尺,(04)8873215,,196,"		",無,,無,無,yes
府教幼字第1010118439號,七二彰府教學字第161462號,1983/12/02,財團法人天主教會台中教區附設彰化縣私立聖神幼兒園,,彰化縣,北斗鎮,私立,[521]中山路二段62號,1樓至2樓,"1,568.17平方公尺",884.46平方公尺,683.71平方公尺,(04)8882155,,110,"		",110-112,,無,無,yes
府教幼字第1090172644號,府教特字第0930010655號,2004/01/28,彰化縣私立佳新幼兒園,陳秀鳴,彰化縣,北斗鎮,私立,[521]宮前街1之16號,1,"2,824.66平方公尺","1,033.46平方公尺","1,791.2平方公尺",(04)8886785,,180,"		",110-112,,有，人數：30,有,yes
府教幼字第1070148459號,八五彰府教國字第68286號,1996/04/25,彰化縣私立貝比幼兒園,張雅綺,彰化縣,北斗鎮,私立,[521]中山路二段287巷12號,1,"1,523.63平方公尺",113.63平方公尺,"1,410平方公尺",(04)8880577,,66,"		",110-112,,無,無,yes
府教幼字第1010238194號,府社幼字第0920077737號,2003/04/29,彰化縣私立領袖幼兒園,陳坤洲,彰化縣,北斗鎮,私立,[521]斗中路327號,1樓,"2,557.77平方公尺",699.66平方公尺,"1,818.42平方公尺",(04)8780378,http://leaders.ednoland.com.tw/,150,,無,,無,無,yes
府教幼字第1090056483號,八九彰府社幼字第138247號,2000/07/24,彰化縣私立北斗育心幼兒園,朱章銘,彰化縣,北斗鎮,私立,[521]光復路10號Ｂ棟1樓,1樓,382.64平方公尺,116.64平方公尺,266平方公尺,(04)8889039,彰化縣北斗鎮光復路10號,70,"		",110-112,,無,無,yes
府教幼字第1050148262號,府社幼字第0920098619號,2003/05/28,彰化縣私立小豆豆幼兒園,陳富珍,彰化縣,北斗鎮,私立,[521]三民街7之1號,1-2,196.6平方公尺,70.16平方公尺,61.6平方公尺,(04)8872628,,30,,110-112,,無,無,yes
府教幼字第1090139966號,府教幼字第1010272690號,2012/09/19,彰化縣私立華桀幼兒園,魏惠華,彰化縣,北斗鎮,私立,[521]光前路23號、23-1號,1樓,840.18平方公尺,382.63平方公尺,457.55平方公尺,(04)8781525,,115,,110-112,,有，人數：15,有,yes
府教幼字第1070098273號,府社幼字第0950234354號,2006/12/06,彰化縣私立強森幼兒園,侯綾珛,彰化縣,北斗鎮,私立,[521]五權路66號,1樓,"2,941.37平方公尺",250.6平方公尺,"2,313.87平方公尺",(04)8782277,http://tw.myblog.yahoo.com/johnson_914/,163,,110-112,,無,有,yes
府教幼字第1080285470號,府教幼字第1030063217號,2014/02/26,彰化縣私立理想園幼兒園,王宜樺,彰化縣,北斗鎮,私立,[521]光前路15-9號,1樓、2樓、3樓,609.51平方公尺,441.81平方公尺,167.7平方公尺,(04)8885005,,61,,110-112,,無,無,yes
府教幼字第1110381084號,府教幼字第1080264232號,2019/07/31,彰化縣萬來非營利幼兒園（委託社團法人彰化縣友善教育公益協會辦理）,黃淑幸,彰化縣,北斗鎮,非營利,[521]文賢街35號,1樓,835.29平方公尺,445.05平方公尺,390.24平方公尺,(04)8872159,評鑑情形：,106,,無,,無,無,no
府教幼字第1050375904號,七四彰府教國字第178034號,1985/12/31,彰化縣田尾鄉田尾國民小學附設幼兒園,王錦鴻,彰化縣,田尾鄉,公立,[522]中山路一段449號,1樓,623.875平方公尺,239.2平方公尺,384.675平方公尺,(04)8832745#318,http://www.twps.chc.edu.tw/,30,,無,,無,無,yes
府教幼字第1120019231號,府社幼字第1000334746號,1994/10/13,彰化縣田尾鄉立幼兒園,許淑美,彰化縣,田尾鄉,公立,[522]富農路一段261巷6號,1樓、2樓,"12,284.95平方公尺",800.2平方公尺,"10,199平方公尺",(04)8832582,http:/jts8832582@gmail.com,420,"		",無,,無,無,yes
府教幼字第1010205740號,府社幼字第0930144940號,2004/07/29,彰化縣私立嘉年華幼兒園,魏惠君,彰化縣,田尾鄉,私立,[522]富農路三段80號,1,"3,563.05平方公尺",414.28平方公尺,"2,969.14平方公尺",(04)8836358,http://carnival.kidschool.org.tw/admin/,230,"		",110-112,,有，人數：30,無,yes
府教幼字第1010228257號,七三彰府教學字第147679號,1984/10/12,彰化縣私立仁仁幼兒園,謝芳節,彰化縣,田尾鄉,私立,[522]建平路ㄧ段60號,1,"1,801平方公尺",140.4平方公尺,198.45平方公尺,(04)8832149,,60,,110-112,,無,有,yes
府教幼字第1090330574號,府社幼字第0930015561號,2004/01/28,彰化縣私立親美幼兒園,賴靜香,彰化縣,田尾鄉,私立,[522]中正路一段232之1號,1,261.39平方公尺,64.96平方公尺,171.43平方公尺,(04)8835172,,40,,無,,無,無,yes
府教幼字第1070271895號,府社幼字第0940146854號,2005/08/03,彰化縣私立名威幼兒園,邱婉貞,彰化縣,田尾鄉,私立,[522]富農路三段45號,1樓、2樓,"2,465.45平方公尺",989.15平方公尺,"1,476.3平方公尺",(04)8832757,,274,"		",無,,無,無,yes
府教幼字第1080293134號,七五彰府教國字第71800號,1986/01/27,彰化縣埤頭鄉合興國民小學附設幼兒園,楊振豐,彰化縣,埤頭鄉,公立,[523]文鄉路161號,1樓、2樓,712.67平方公尺,230.98平方公尺,481.69平方公尺,(04)8922030#81,http://www.shses.chc.edu.tw/,30,,無,,無,無,yes
府教幼字第1080043321號,府社幼字第1000361308號,1994/12/14,彰化縣埤頭鄉立幼兒園,杜懿彩,彰化縣,埤頭鄉,公立,[523]彰水路三段352巷45號,1樓,"3,579.57平方公尺",840平方公尺,"2,220.37平方公尺",(04)8927183,,210,"		",無,,無,無,yes
府教幼字第1010109811號,七三彰府教學字第161597號,1984/11/26,彰化縣私立大統幼兒園,許中學,彰化縣,埤頭鄉,私立,[523]校前路127號,1樓至2樓,"4,369.43平方公尺","1,930平方公尺","2,439.43平方公尺",(04)8923461,https://ta-tong.topschool.tw/Home/Main,297,"		",110-112,,無,無,yes
府教幼字第1100411698號,府教特字第0970114931號,2008/08/29,明道學校財團法人明道大學附設彰化縣私立明道幼兒園,郭秋勲,彰化縣,埤頭鄉,私立,[523]文化路369號,1樓,"1,649.94平方公尺",899.94平方公尺,750平方公尺,(04)8876660#2600,,226,"		",110-112,,無,有,yes
府教幼字第1020202354號,八八彰府社福字第204530號,1999/11/01,彰化縣私立青青幼兒園,施莉鈴,彰化縣,埤頭鄉,私立,[523]東西路655號,一樓至三樓,"8,737.24平方公尺",973.85平方公尺,"7,509平方公尺",(04)8929816,http://chingching.kindergarten.org.tw,260,"		",110-112,,無,無,yes
府教幼字第1060449930號,府社幼字第0920144176號,2003/08/04,彰化縣私立和欣幼兒園,陳瑞達,彰化縣,埤頭鄉,私立,[523]東西路92號,1,"2,866.07平方公尺",628.32平方公尺,"1,743.76平方公尺",(04)8929580,,210,"		",110-112,,無,無,yes
府教幼字第1080264235號,府教幼字第1080264235號,2019/07/31,彰化縣埤頭非營利幼兒園（委託社團法人彰化縣芸生學前教保學會辦理）,梁芸若,彰化縣,埤頭鄉,非營利,[523]中南路145號,1樓,550.5平方公尺,322.5平方公尺,228平方公尺,(04)8925113,評鑑情形：,60,,無,,無,無,no
府教幼字第1080293143號,七四彰府教學字第136063號,1985/08/09,彰化縣溪州鄉溪州國民小學附設幼兒園,鄭麗雅,彰化縣,溪州鄉,公立,[524]中山路三段451號,1樓,581.52平方公尺,163.52平方公尺,418平方公尺,(04)8895013#402,http://www.sjps.chc.edu.tw/,30,,無,,無,無,yes
府教幼字第1080045003號,府社幼字第1000391226號,1994/09/24,彰化縣溪州鄉立幼兒園,江淑芬,彰化縣,溪州鄉,公立,[524]登山路二段350號,1樓,507.26平方公尺,163.99平方公尺,140平方公尺,(04)8896100#301,,45,,無,,無,無,yes
府教幼字第1080045003A號,府社幼字第1000391267號,1994/09/24,彰化縣溪州鄉立幼兒園東州分班,,彰化縣,溪州鄉,公立,[524]保安路16號,1樓,473.02平方公尺,209.04平方公尺,263.98平方公尺,(04)8896100#301,,30,,無,,無,無,yes
府教幼字第1080045003B號,府社幼字第1000391235號,1994/09/24,彰化縣溪州鄉立幼兒園張厝分班,,彰化縣,溪州鄉,公立,[524]民生路一段295巷12號,1樓,800.79平方公尺,221.14平方公尺,579.65平方公尺,(04)8896100#301,,30,,無,,無,無,yes
府教幼字第1080045003C號,府社幼字第1000391272號,1994/09/24,彰化縣溪州鄉立幼兒園水尾分班,,彰化縣,溪州鄉,公立,[524]民權一巷5號,2樓,552.53平方公尺,260.35平方公尺,292.18平方公尺,(04)8896100#301,,30,,無,,無,無,yes
府教幼字第1080045003D號,府社幼字第1000391274號,1994/09/24,彰化縣溪州鄉立幼兒園溪厝分班,,彰化縣,溪州鄉,公立,[524]公園路95號,1樓,305.72平方公尺,182.92平方公尺,122.8平方公尺,(04)8896100#301,,30,,無,,無,無,yes
府教幼字第1080045003e號,府社幼字第1000391258號,1994/09/24,彰化縣溪州鄉立幼兒園三條分班,,彰化縣,溪州鄉,公立,[524]九甲一巷4號,1樓,384.05平方公尺,214.05平方公尺,170平方公尺,(04)8896100#301,,30,,無,,無,無,yes
府教幼字第1080045003F號,府社幼字第1000391276號,1994/09/24,彰化縣溪州鄉立幼兒園舊眉分班,,彰化縣,溪州鄉,公立,[524]登山路四段27號,1樓,337.33平方公尺,217.79平方公尺,119.54平方公尺,(04)8896100#301,,30,,無,,無,無,yes
府教幼字第1080045003G號,府社幼字第1000391256號,1994/09/24,彰化縣溪州鄉立幼兒園圳寮分班,,彰化縣,溪州鄉,公立,[524]下樹巷29號,1樓,567.5平方公尺,109.99平方公尺,95.37平方公尺,(04)8896100#301,,30,,無,,無,無,yes
府教幼字第1080045003I號,府社幼字第1000391244號,1994/09/24,彰化縣溪州鄉立幼兒園大庄分班,,彰化縣,溪州鄉,公立,[524]中橫巷1號,1樓,645.03平方公尺,145.03平方公尺,500平方公尺,(04)8896100#301,,30,,無,,無,無,yes
府教幼字第1080045003H號,府社幼字第1000391285號,1994/09/24,彰化縣溪州鄉立幼兒園西畔分班,,彰化縣,溪州鄉,公立,[524]廣一巷7之1號,1樓,384.05平方公尺,214.05平方公尺,170平方公尺,(04)8896100#301,,30,,無,,無,無,yes
府教幼字第1010239027號,府社幼字第0940146856號,2005/07/29,彰化縣私立維格幼兒園,鐘崇瑜,彰化縣,溪州鄉,私立,[524]平和路27之1號,1至2樓,"2,802.84平方公尺","1,490.79平方公尺","1,312.05平方公尺",(04)8789850,,250,"		",110-112,,無,有,yes
府教幼字第1110244719號,七四彰府教國字第178034號,1985/12/31,彰化縣竹塘鄉竹塘國民小學附設幼兒園,胡寶元,彰化縣,竹塘鄉,公立,[525]文化街20號,1樓、2樓,577.54平方公尺,257.86平方公尺,319.68平方公尺,(04)8972891,https://www.ctes.chc.edu.tw/,46,,無,,無,無,yes
府教幼字第1080035871號,府社幼字第1000378533號,1994/10/15,彰化縣竹塘鄉立幼兒園,蔡碩任,彰化縣,竹塘鄉,公立,[525]仁愛街98號,1樓、2樓、3樓,"1,545.93平方公尺",680.66平方公尺,600平方公尺,(04)8970591,,220,"		",無,,無,無,yes
府教幼字第1110244715號,六七彰府教國字第91502號,1978/10/06,彰化縣立原斗國民中小學附設幼兒園,王心怡,彰化縣,二林鎮,公立,[526]原竹路872號,1樓,596.187平方公尺,296.44平方公尺,299.747平方公尺,(04)8902322#218,,46,,無,,無,無,yes
府教幼字第1100297257號,府教特字第0960072056號,2007/04/13,彰化縣二林鎮興華國民小學附設幼兒園,楊坤濱,彰化縣,二林鎮,公立,[526]竹林路三段393號,1樓,198.07平方公尺,111.52平方公尺,86.55平方公尺,(04)8962594#10,http://www.shes.chc.edu.tw/,30,,無,,無,無,yes
府教幼字第1080034098號,府社幼字第1000380887號,1994/09/21,彰化縣二林鎮立幼兒園,蔡詩傑,彰化縣,二林鎮,公立,[526]斗苑路四段586號,1樓、2樓、3樓,"5,826.54平方公尺","1,025.31平方公尺","3,748平方公尺",(04)8952421,,300,"		",無,,無,無,yes
府教幼字第1080295490號,府教特字第09100094260號,2002/01/11,彰化縣私立文揚幼兒園,施莉鈴,彰化縣,二林鎮,私立,[526]長春路319號,1樓,"5,003.97平方公尺","1,694.53平方公尺","3,309.44平方公尺",(04)8953698,,318,"		",110-112,,無,無,yes
府教幼字第1090086161號,府教特字第0930049776號,2004/05/26,彰化縣私立儒林幼兒園,張思予,彰化縣,二林鎮,私立,[526]二城路5號之1,1樓,"2,709.41平方公尺",772.55平方公尺,"1,936.86平方公尺",(04)8966258,,168,"		",110-112,,無,無,yes
府教幼字第1110075319號,七二彰府教學字第121147號,1983/07/25,彰化縣私立籃虹幼兒園,吳泓熾,彰化縣,二林鎮,私立,[526]四維街173號,1樓,"1,210.68平方公尺",488.88平方公尺,721.8平方公尺,(04)8966788,lh8966588@gmail.com,170,,111-112,,無,有,yes
府教幼字第1010238253號,八八彰府社福字第022646號,1999/02/01,彰化縣私立光華幼兒園,粘惠珠,彰化縣,二林鎮,私立,[526]中央北街40之2號,1,700.7平方公尺,408.34平方公尺,292.36平方公尺,(04)8685968,,60,,110-112,,無,無,yes
府教幼字第1010238239號,九0彰府社幼字第112440號,2001/06/27,彰化縣私立優格林幼兒園,洪秋隨,彰化縣,二林鎮,私立,[526]北安街48號,1樓至2樓,"1,055.69平方公尺",301.64平方公尺,650.9平方公尺,(04)8965236,,80,,無,,無,無,yes
府教幼字第1040328711號,八五彰府社福字第123459號,1996/07/12,彰化縣私立永育幼兒園,黃晁鵬,彰化縣,二林鎮,私立,[526]民治街39號,一樓至2樓,"1,267.94平方公尺",611.312平方公尺,362.4平方公尺,(04)8962525,https://www.facebook.com/y77789602/,150,"		",110-112,,無,無,yes
府教幼字第1060264501號,府社幼字第0940107848號,2005/06/10,彰化縣私立芝麻街幼兒園,李忠祐,彰化縣,二林鎮,私立,[526]西平街163號,1樓、1,"2,944.27平方公尺",333平方公尺,"2,195平方公尺",(04)8957735,,180,,110-112,,無,無,yes
府教幼字第1110244727號,府教幼字第1100236643號,2021/07/05,彰化縣萬興非營利幼兒園（委託社團法人彰化縣劍橋社會關懷協會辦理）,黃明昌,彰化縣,二林鎮,非營利,[526]二溪路六段626號,1樓、2樓、3樓,"1,549.09平方公尺","1,140.07平方公尺",409.02平方公尺,(04)8684860,評鑑情形：,122,,無,,無,無,no
府教幼字第1110244722號,七四彰府教國字第178034號,1985/12/31,彰化縣大城鄉大城國民小學附設幼兒園,王舜儀,彰化縣,大城鄉,公立,[527]中平路176號,1樓,382.5平方公尺,225平方公尺,157.5平方公尺,(04)8944597,http://163.23.108.193/~1e/,46,,無,,無,無,yes
府教幼字第1050375897號,七七彰府教國字第108429號,1988/05/21,彰化縣大城鄉西港國民小學附設幼兒園,洪信德,彰化縣,大城鄉,公立,[527]中央路2號,1樓,397.35平方公尺,159.75平方公尺,237.6平方公尺,(04)8941029#15,,30,,無,,無,無,yes
府教幼字第1120019018號,府社幼字第1000392636號,1995/11/29,彰化縣大城鄉立幼兒園,陳玉照,彰化縣,大城鄉,公立,[527]西平路176號,1樓、2樓,160.15平方公尺,91平方公尺,26.1平方公尺,(04)8942980#212,,30,,無,,無,無,yes
府教幼字第1120019018A號,府社幼字第1000392732號,1995/11/29,彰化縣大城鄉立幼兒園菜寮分班,,彰化縣,大城鄉,公立,[527]東平路6號,1樓,395平方公尺,88.2平方公尺,231.32平方公尺,(04)8942980#212,,30,,無,,無,無,yes
府教幼字第1120019018B號,府社幼字第1000392759號,1995/11/29,彰化縣大城鄉立幼兒園山腳分班,,彰化縣,大城鄉,公立,[527]大山路47號,1樓、2樓,300.01平方公尺,90平方公尺,157.63平方公尺,(04)8942980#212,,30,,無,,無,無,yes
府教幼字第1120019018C號,大鄉人字第10022號,1995/11/29,彰化縣大城鄉立幼兒園潭墘分班,,彰化縣,大城鄉,公立,[527]潭墘路130號,1樓,342.29平方公尺,145.19平方公尺,143.97平方公尺,(04)8942980#212,,30,,無,,無,無,yes
府教幼字第1050375839號,彰府教國字第79810號,1975/09/01,彰化縣芳苑鄉王功國民小學附設幼兒園,謝格倫,彰化縣,芳苑鄉,公立,[528]功湖路王功段481號,1樓,484.36平方公尺,250.6平方公尺,233.76平方公尺,(04)8932182#214,http;//163.23.74.193,60,,無,,無,無,yes
府教幼字第1050375806號,六七彰府教國字第88731號,1978/09/12,彰化縣芳苑鄉芳苑國民小學附設幼兒園,吳偉誠,彰化縣,芳苑鄉,公立,[528]斗苑路芳苑段230號,1樓,555.1平方公尺,197.5平方公尺,357.6平方公尺,(04)8984992,www.fyes.chc.edu.tw,30,,無,,無,無,yes
府教幼字第1080065428號,府教幼字第1030292505號,2014/09/01,彰化縣芳苑鄉漢寶國民小學附設幼兒園,黃素珍,彰化縣,芳苑鄉,公立,[528]草漢路漢寶段541號,1樓,572.64平方公尺,461.39平方公尺,111.25平方公尺,(04)8991062#22,,30,,無,,無,無,yes
府教幼字第1010238774號,八九彰府社幼字第140571號,2000/07/26,彰化縣私立快樂學校幼兒園,謝淑如,彰化縣,芳苑鄉,私立,[528]斗苑路三合段136號,1F,427.7平方公尺,73平方公尺,315平方公尺,(04)8953311,missyangboby2006@yahoo.com.tw,48,,無,,無,無,yes
府教幼字第1010304882號,府社幼字第0930015528號,2004/01/28,彰化縣私立芳苑鄉立示範幼兒園（彰化縣芳苑鄉公所委託彰化縣私立芝麻街幼兒園辦理）,洪麗莉,彰化縣,芳苑鄉,私立,[528]工區一路45巷83弄17號,1-2,"3,829.05平方公尺",889平方公尺,"1,883平方公尺",(04)8965095,,350,"		",110-112,,無,無,yes
府教幼字第1110018587號,府教幼字第1090165024號,2020/05/25,彰化縣私立聖愛幼兒園,施莉鈴,彰化縣,芳苑鄉,私立,[528]二溪路草二段805巷45弄13號,1樓、2樓,"2,371.33平方公尺","1,406.73平方公尺",964.6平方公尺,(04)8863168,,168,"		",110-112,,無,無,yes
府教幼字第1080034087號,府社幼字第1000352269號,1994/12/29,彰化縣二水鄉立幼兒園,蘇界欽,彰化縣,二水鄉,公立,[530]山腳路二段64巷17號,1樓、2樓,"2,324.78平方公尺",589.54平方公尺,780.75平方公尺,(04)8794598,http://www.erhshui.gov.tw/index2.htm,200,"		",無,,無,無,yes
府教幼字第1110244716號,七四彰府教國字第178034號,1985/12/31,彰化縣二水鄉二水國民小學附設幼兒園,陳靜德,彰化縣,二水鄉,公立,[530]光文路119號,1樓,689.58平方公尺,381.42平方公尺,308.16平方公尺,(04)8791225,http://www.eses.chc.edu.tw/xoops2/,46,,無,,無,無,yes
府教幼字第1010238750號,八四彰府社福字第110512號,1995/06/21,彰化縣私立親親幼兒園,卓麗娜,彰化縣,二水鄉,私立,[530]民族路12號,1樓至2樓,401.01平方公尺,138.35平方公尺,112.55平方公尺,(04)8790162,,60,"		",無,,無,無,yes
